Timestamp,PatternDetected,LoopType,Duration,ContextTag,BreakSuggested,Pattern,Context
14:00:00,Click_Back_Click,DoubtLoop,6.7 min,Browsing,Yes,,
14:00:30,SameApp_Open_Close,RecheckLoop,30 sec,Multitasking,Yes,,
14:01:00,Screen_Stare_NoTyping,FreezeLoop,2.4 min,Idle,No,,
14:01:30,Scroll_Pause_Resume,ConsumptionLoop,4.6 min,Reading,No,,
14:02:00,TabSwitching_Rapid,EscapeLoop,77 sec,Distraction,Yes,,
14:02:30,Scroll_Pause_Resume,ConsumptionLoop,36 sec,Reading,No,,
14:03:00,Gaze_Switch_Between_Screens,SplitFocusLoop,1.4 min,DualScreen,No,,
14:03:30,TabSwitching_Rapid,EscapeLoop,0.7 min,Distraction,Yes,,
14:04:00,RepeatedTypingPause,ThinkLoop,5.7 min,Writing,No,,
14:04:30,Mouse_Move_Halt_Move,FocusLoop,80 sec,Research,No,,
14:05:00,Screen_Stare_NoTyping,FreezeLoop,8.7 min,Idle,No,,
14:05:30,SameApp_Open_Close,RecheckLoop,0.9 min,Multitasking,Yes,,
14:06:00,Mouse_Move_Halt_Move,FocusLoop,5.4 min,Research,No,,
14:06:30,Minimize_Maximize_Loop,AvoidanceLoop,4.3 min,Work,Yes,,
14:07:00,Minimize_Maximize_Loop,AvoidanceLoop,3.3 min,Work,Yes,,
14:07:30,Mouse_Move_Halt_Move,FocusLoop,5.9 min,Research,No,,
14:08:00,Scroll_Pause_Resume,ConsumptionLoop,7.8 min,Reading,No,,
14:08:30,Minimize_Maximize_Loop,AvoidanceLoop,4.6 min,Work,Yes,,
14:09:00,SameApp_Open_Close,RecheckLoop,80 sec,Multitasking,Yes,,
14:09:30,Scroll_Pause_Resume,ConsumptionLoop,57 sec,Reading,No,,
14:10:00,RepeatedTypingPause,ThinkLoop,5.2 min,Writing,No,,
14:10:30,SameApp_Open_Close,RecheckLoop,4.7 min,Multitasking,Yes,,
14:11:00,Gaze_Switch_Between_Screens,SplitFocusLoop,8.5 min,DualScreen,No,,
14:11:30,TabSwitching_Rapid,EscapeLoop,9.0 min,Distraction,Yes,,
14:12:00,Screen_Stare_NoTyping,FreezeLoop,6.0 min,Idle,No,,
14:12:30,SameApp_Open_Close,RecheckLoop,4.1 min,Multitasking,Yes,,
14:13:00,Scroll_Pause_Resume,ConsumptionLoop,77 sec,Reading,No,,
14:13:30,SameApp_Open_Close,RecheckLoop,6.4 min,Multitasking,Yes,,
14:14:00,Scroll_Pause_Resume,ConsumptionLoop,10.0 min,Reading,No,,
14:14:30,RepeatedTypingPause,ThinkLoop,6.8 min,Writing,No,,
14:15:00,Screen_Stare_NoTyping,FreezeLoop,10.0 min,Idle,No,,
14:15:30,SameApp_Open_Close,RecheckLoop,4.4 min,Multitasking,Yes,,
14:16:00,EyeGlance_Phone_Screen_Loop,TechLoop,9.7 min,Work,Yes,,
14:16:30,SameApp_Open_Close,RecheckLoop,5.8 min,Multitasking,Yes,,
14:17:00,RepeatedTypingPause,ThinkLoop,40 sec,Writing,No,,
14:17:30,Gaze_Switch_Between_Screens,SplitFocusLoop,4.3 min,DualScreen,No,,
14:18:00,Gaze_Switch_Between_Screens,SplitFocusLoop,52 sec,DualScreen,No,,
14:18:30,Minimize_Maximize_Loop,AvoidanceLoop,7.1 min,Work,Yes,,
14:19:00,EyeGlance_Phone_Screen_Loop,TechLoop,8.3 min,Work,Yes,,
14:19:30,RepeatedTypingPause,ThinkLoop,7.5 min,Writing,No,,
14:20:00,Scroll_Pause_Resume,ConsumptionLoop,36 sec,Reading,No,,
14:20:30,Click_Back_Click,DoubtLoop,6.8 min,Browsing,Yes,,
14:21:00,Click_Back_Click,DoubtLoop,6.0 min,Browsing,Yes,,
14:21:30,EyeGlance_Phone_Screen_Loop,TechLoop,9.6 min,Work,Yes,,
14:22:00,Gaze_Switch_Between_Screens,SplitFocusLoop,30 sec,DualScreen,No,,
14:22:30,RepeatedTypingPause,ThinkLoop,4.5 min,Writing,No,,
14:23:00,Mouse_Move_Halt_Move,FocusLoop,3.4 min,Research,No,,
14:23:30,RepeatedTypingPause,ThinkLoop,6.2 min,Writing,No,,
14:24:00,Scroll_Pause_Resume,ConsumptionLoop,6.0 min,Reading,No,,
14:24:30,Mouse_Move_Halt_Move,FocusLoop,8.2 min,Research,No,,
14:25:00,EyeGlance_Phone_Screen_Loop,TechLoop,80 sec,Work,Yes,,
14:25:30,Screen_Stare_NoTyping,FreezeLoop,87 sec,Idle,No,,
14:26:00,SameApp_Open_Close,RecheckLoop,43 sec,Multitasking,Yes,,
14:26:30,RepeatedTypingPause,ThinkLoop,8.2 min,Writing,No,,
14:27:00,Minimize_Maximize_Loop,AvoidanceLoop,2.4 min,Work,Yes,,
14:27:30,EyeGlance_Phone_Screen_Loop,TechLoop,47 sec,Work,Yes,,
14:28:00,TabSwitching_Rapid,EscapeLoop,6.7 min,Distraction,Yes,,
14:28:30,TabSwitching_Rapid,EscapeLoop,87 sec,Distraction,Yes,,
14:29:00,Click_Back_Click,DoubtLoop,0.7 min,Browsing,Yes,,
14:29:30,Scroll_Pause_Resume,ConsumptionLoop,6.8 min,Reading,No,,
14:30:00,SameApp_Open_Close,RecheckLoop,1.0 min,Multitasking,Yes,,
14:30:30,Click_Back_Click,DoubtLoop,9.6 min,Browsing,Yes,,
14:31:00,EyeGlance_Phone_Screen_Loop,TechLoop,5.1 min,Work,Yes,,
14:31:30,Scroll_Pause_Resume,ConsumptionLoop,77 sec,Reading,No,,
14:32:00,Screen_Stare_NoTyping,FreezeLoop,35 sec,Idle,No,,
14:32:30,Mouse_Move_Halt_Move,FocusLoop,8.2 min,Research,No,,
14:33:00,EyeGlance_Phone_Screen_Loop,TechLoop,3.1 min,Work,Yes,,
14:33:30,TabSwitching_Rapid,EscapeLoop,74 sec,Distraction,Yes,,
14:34:00,Click_Back_Click,DoubtLoop,6.8 min,Browsing,Yes,,
14:34:30,Screen_Stare_NoTyping,FreezeLoop,7.3 min,Idle,No,,
14:35:00,SameApp_Open_Close,RecheckLoop,53 sec,Multitasking,Yes,,
14:35:30,Gaze_Switch_Between_Screens,SplitFocusLoop,5.3 min,DualScreen,No,,
14:36:00,Mouse_Move_Halt_Move,FocusLoop,8.2 min,Research,No,,
14:36:30,Scroll_Pause_Resume,ConsumptionLoop,73 sec,Reading,No,,
14:37:00,Click_Back_Click,DoubtLoop,8.3 min,Browsing,Yes,,
14:37:30,RepeatedTypingPause,ThinkLoop,39 sec,Writing,No,,
14:38:00,EyeGlance_Phone_Screen_Loop,TechLoop,3.8 min,Work,Yes,,
14:38:30,RepeatedTypingPause,ThinkLoop,10.0 min,Writing,No,,
14:39:00,EyeGlance_Phone_Screen_Loop,TechLoop,3.0 min,Work,Yes,,
14:39:30,Screen_Stare_NoTyping,FreezeLoop,1.3 min,Idle,No,,
14:40:00,Scroll_Pause_Resume,ConsumptionLoop,1.4 min,Reading,No,,
14:40:30,Minimize_Maximize_Loop,AvoidanceLoop,8.6 min,Work,Yes,,
14:41:00,RepeatedTypingPause,ThinkLoop,8.7 min,Writing,No,,
14:41:30,Scroll_Pause_Resume,ConsumptionLoop,9.7 min,Reading,No,,
14:42:00,Scroll_Pause_Resume,ConsumptionLoop,71 sec,Reading,No,,
14:42:30,Scroll_Pause_Resume,ConsumptionLoop,8.8 min,Reading,No,,
14:43:00,Click_Back_Click,DoubtLoop,76 sec,Browsing,Yes,,
14:43:30,EyeGlance_Phone_Screen_Loop,TechLoop,4.6 min,Work,Yes,,
14:44:00,Minimize_Maximize_Loop,AvoidanceLoop,32 sec,Work,Yes,,
14:44:30,RepeatedTypingPause,ThinkLoop,3.4 min,Writing,No,,
14:45:00,Gaze_Switch_Between_Screens,SplitFocusLoop,1.9 min,DualScreen,No,,
14:45:30,Minimize_Maximize_Loop,AvoidanceLoop,8.6 min,Work,Yes,,
14:46:00,RepeatedTypingPause,ThinkLoop,3.1 min,Writing,No,,
14:46:30,Gaze_Switch_Between_Screens,SplitFocusLoop,1.2 min,DualScreen,No,,
14:47:00,TabSwitching_Rapid,EscapeLoop,7.9 min,Distraction,Yes,,
14:47:30,SameApp_Open_Close,RecheckLoop,1.6 min,Multitasking,Yes,,
14:48:00,EyeGlance_Phone_Screen_Loop,TechLoop,80 sec,Work,Yes,,
14:48:30,Screen_Stare_NoTyping,FreezeLoop,5.8 min,Idle,No,,
14:49:00,Minimize_Maximize_Loop,AvoidanceLoop,9.5 min,Work,Yes,,
14:49:30,Gaze_Switch_Between_Screens,SplitFocusLoop,7.5 min,DualScreen,No,,
14:50:00,Screen_Stare_NoTyping,FreezeLoop,3.6 min,Idle,No,,
14:50:30,RepeatedTypingPause,ThinkLoop,5.0 min,Writing,No,,
14:51:00,Scroll_Pause_Resume,ConsumptionLoop,0.8 min,Reading,No,,
14:51:30,Minimize_Maximize_Loop,AvoidanceLoop,4.4 min,Work,Yes,,
14:52:00,Scroll_Pause_Resume,ConsumptionLoop,5.8 min,Reading,No,,
14:52:30,EyeGlance_Phone_Screen_Loop,TechLoop,64 sec,Work,Yes,,
14:53:00,EyeGlance_Phone_Screen_Loop,TechLoop,8.2 min,Work,Yes,,
14:53:30,TabSwitching_Rapid,EscapeLoop,4.2 min,Distraction,Yes,,
14:54:00,RepeatedTypingPause,ThinkLoop,3.5 min,Writing,No,,
14:54:30,TabSwitching_Rapid,EscapeLoop,1.7 min,Distraction,Yes,,
14:55:00,Screen_Stare_NoTyping,FreezeLoop,84 sec,Idle,No,,
14:55:30,EyeGlance_Phone_Screen_Loop,TechLoop,82 sec,Work,Yes,,
14:56:00,SameApp_Open_Close,RecheckLoop,79 sec,Multitasking,Yes,,
14:56:30,Gaze_Switch_Between_Screens,SplitFocusLoop,40 sec,DualScreen,No,,
14:57:00,RepeatedTypingPause,ThinkLoop,62 sec,Writing,No,,
14:57:30,SameApp_Open_Close,RecheckLoop,3.7 min,Multitasking,Yes,,
14:58:00,Mouse_Move_Halt_Move,FocusLoop,60 sec,Research,No,,
14:58:30,SameApp_Open_Close,RecheckLoop,2.8 min,Multitasking,Yes,,
14:59:00,Gaze_Switch_Between_Screens,SplitFocusLoop,1.6 min,DualScreen,No,,
14:59:30,EyeGlance_Phone_Screen_Loop,TechLoop,4.1 min,Work,Yes,,
15:00:00,Minimize_Maximize_Loop,AvoidanceLoop,9.9 min,Work,Yes,,
15:00:30,Mouse_Move_Halt_Move,FocusLoop,2.4 min,Research,No,,
15:01:00,SameApp_Open_Close,RecheckLoop,0.6 min,Multitasking,Yes,,
15:01:30,Click_Back_Click,DoubtLoop,3.2 min,Browsing,Yes,,
15:02:00,SameApp_Open_Close,RecheckLoop,6.7 min,Multitasking,Yes,,
15:02:30,RepeatedTypingPause,ThinkLoop,4.3 min,Writing,No,,
15:03:00,SameApp_Open_Close,RecheckLoop,54 sec,Multitasking,Yes,,
15:03:30,TabSwitching_Rapid,EscapeLoop,2.2 min,Distraction,Yes,,
15:04:00,TabSwitching_Rapid,EscapeLoop,5.9 min,Distraction,Yes,,
15:04:30,Minimize_Maximize_Loop,AvoidanceLoop,3.1 min,Work,Yes,,
15:05:00,SameApp_Open_Close,RecheckLoop,5.5 min,Multitasking,Yes,,
15:05:30,EyeGlance_Phone_Screen_Loop,TechLoop,9.8 min,Work,Yes,,
15:06:00,Scroll_Pause_Resume,ConsumptionLoop,2.4 min,Reading,No,,
15:06:30,Gaze_Switch_Between_Screens,SplitFocusLoop,6.6 min,DualScreen,No,,
15:07:00,Click_Back_Click,DoubtLoop,70 sec,Browsing,Yes,,
15:07:30,Minimize_Maximize_Loop,AvoidanceLoop,4.7 min,Work,Yes,,
15:08:00,Minimize_Maximize_Loop,AvoidanceLoop,6.1 min,Work,Yes,,
15:08:30,SameApp_Open_Close,RecheckLoop,3.4 min,Multitasking,Yes,,
15:09:00,Gaze_Switch_Between_Screens,SplitFocusLoop,2.8 min,DualScreen,No,,
15:09:30,EyeGlance_Phone_Screen_Loop,TechLoop,5.2 min,Work,Yes,,
15:10:00,Gaze_Switch_Between_Screens,SplitFocusLoop,5.5 min,DualScreen,No,,
15:10:30,EyeGlance_Phone_Screen_Loop,TechLoop,1.5 min,Work,Yes,,
15:11:00,Gaze_Switch_Between_Screens,SplitFocusLoop,4.1 min,DualScreen,No,,
15:11:30,Mouse_Move_Halt_Move,FocusLoop,8.2 min,Research,No,,
15:12:00,Minimize_Maximize_Loop,AvoidanceLoop,2.0 min,Work,Yes,,
15:12:30,Screen_Stare_NoTyping,FreezeLoop,4.2 min,Idle,No,,
15:13:00,EyeGlance_Phone_Screen_Loop,TechLoop,3.1 min,Work,Yes,,
15:13:30,Mouse_Move_Halt_Move,FocusLoop,7.5 min,Research,No,,
15:14:00,Click_Back_Click,DoubtLoop,37 sec,Browsing,Yes,,
15:14:30,RepeatedTypingPause,ThinkLoop,2.4 min,Writing,No,,
15:15:00,Screen_Stare_NoTyping,FreezeLoop,2.5 min,Idle,No,,
15:15:30,SameApp_Open_Close,RecheckLoop,9.5 min,Multitasking,Yes,,
15:16:00,Scroll_Pause_Resume,ConsumptionLoop,1.2 min,Reading,No,,
15:16:30,Gaze_Switch_Between_Screens,SplitFocusLoop,1.4 min,DualScreen,No,,
15:17:00,TabSwitching_Rapid,EscapeLoop,5.2 min,Distraction,Yes,,
15:17:30,Gaze_Switch_Between_Screens,SplitFocusLoop,8.2 min,DualScreen,No,,
15:18:00,Screen_Stare_NoTyping,FreezeLoop,1.0 min,Idle,No,,
15:18:30,SameApp_Open_Close,RecheckLoop,1.0 min,Multitasking,Yes,,
15:19:00,Gaze_Switch_Between_Screens,SplitFocusLoop,69 sec,DualScreen,No,,
15:19:30,RepeatedTypingPause,ThinkLoop,8.0 min,Writing,No,,
15:20:00,TabSwitching_Rapid,EscapeLoop,1.6 min,Distraction,Yes,,
15:20:30,RepeatedTypingPause,ThinkLoop,7.0 min,Writing,No,,
15:21:00,EyeGlance_Phone_Screen_Loop,TechLoop,8.6 min,Work,Yes,,
15:21:30,Mouse_Move_Halt_Move,FocusLoop,1.7 min,Research,No,,
15:22:00,Screen_Stare_NoTyping,FreezeLoop,4.1 min,Idle,No,,
15:22:30,Gaze_Switch_Between_Screens,SplitFocusLoop,1.8 min,DualScreen,No,,
15:23:00,Mouse_Move_Halt_Move,FocusLoop,2.4 min,Research,No,,
15:23:30,RepeatedTypingPause,ThinkLoop,55 sec,Writing,No,,
15:24:00,Click_Back_Click,DoubtLoop,5.6 min,Browsing,Yes,,
15:24:30,Click_Back_Click,DoubtLoop,4.8 min,Browsing,Yes,,
15:25:00,Click_Back_Click,DoubtLoop,4.6 min,Browsing,Yes,,
15:25:30,SameApp_Open_Close,RecheckLoop,7.7 min,Multitasking,Yes,,
15:26:00,Scroll_Pause_Resume,ConsumptionLoop,7.1 min,Reading,No,,
15:26:30,SameApp_Open_Close,RecheckLoop,1.2 min,Multitasking,Yes,,
15:27:00,Screen_Stare_NoTyping,FreezeLoop,6.7 min,Idle,No,,
15:27:30,TabSwitching_Rapid,EscapeLoop,48 sec,Distraction,Yes,,
15:28:00,EyeGlance_Phone_Screen_Loop,TechLoop,46 sec,Work,Yes,,
15:28:30,TabSwitching_Rapid,EscapeLoop,7.7 min,Distraction,Yes,,
15:29:00,Mouse_Move_Halt_Move,FocusLoop,1.5 min,Research,No,,
15:29:30,Gaze_Switch_Between_Screens,SplitFocusLoop,8.1 min,DualScreen,No,,
15:30:00,Scroll_Pause_Resume,ConsumptionLoop,8.0 min,Reading,No,,
15:30:30,SameApp_Open_Close,RecheckLoop,4.0 min,Multitasking,Yes,,
15:31:00,Click_Back_Click,DoubtLoop,3.5 min,Browsing,Yes,,
15:31:30,SameApp_Open_Close,RecheckLoop,31 sec,Multitasking,Yes,,
15:32:00,Scroll_Pause_Resume,ConsumptionLoop,38 sec,Reading,No,,
15:32:30,Minimize_Maximize_Loop,AvoidanceLoop,7.5 min,Work,Yes,,
15:33:00,EyeGlance_Phone_Screen_Loop,TechLoop,49 sec,Work,Yes,,
15:33:30,Gaze_Switch_Between_Screens,SplitFocusLoop,7.8 min,DualScreen,No,,
15:34:00,Minimize_Maximize_Loop,AvoidanceLoop,4.6 min,Work,Yes,,
15:34:30,Gaze_Switch_Between_Screens,SplitFocusLoop,9.3 min,DualScreen,No,,
15:35:00,Scroll_Pause_Resume,ConsumptionLoop,9.7 min,Reading,No,,
15:35:30,EyeGlance_Phone_Screen_Loop,TechLoop,45 sec,Work,Yes,,
15:36:00,Gaze_Switch_Between_Screens,SplitFocusLoop,9.3 min,DualScreen,No,,
15:36:30,Screen_Stare_NoTyping,FreezeLoop,5.0 min,Idle,No,,
15:37:00,Scroll_Pause_Resume,ConsumptionLoop,4.8 min,Reading,No,,
15:37:30,SameApp_Open_Close,RecheckLoop,7.1 min,Multitasking,Yes,,
15:38:00,Scroll_Pause_Resume,ConsumptionLoop,0.8 min,Reading,No,,
15:38:30,EyeGlance_Phone_Screen_Loop,TechLoop,8.1 min,Work,Yes,,
15:39:00,Click_Back_Click,DoubtLoop,7.4 min,Browsing,Yes,,
15:39:30,SameApp_Open_Close,RecheckLoop,9.8 min,Multitasking,Yes,,
15:40:00,Mouse_Move_Halt_Move,FocusLoop,7.2 min,Research,No,,
15:40:30,Screen_Stare_NoTyping,FreezeLoop,4.1 min,Idle,No,,
15:41:00,Scroll_Pause_Resume,ConsumptionLoop,3.7 min,Reading,No,,
15:41:30,Minimize_Maximize_Loop,AvoidanceLoop,1.6 min,Work,Yes,,
15:42:00,Screen_Stare_NoTyping,FreezeLoop,0.7 min,Idle,No,,
15:42:30,Screen_Stare_NoTyping,FreezeLoop,5.5 min,Idle,No,,
15:43:00,Minimize_Maximize_Loop,AvoidanceLoop,3.4 min,Work,Yes,,
15:43:30,Scroll_Pause_Resume,ConsumptionLoop,6.4 min,Reading,No,,
15:44:00,Minimize_Maximize_Loop,AvoidanceLoop,6.8 min,Work,Yes,,
15:44:30,Screen_Stare_NoTyping,FreezeLoop,9.1 min,Idle,No,,
15:45:00,SameApp_Open_Close,RecheckLoop,4.7 min,Multitasking,Yes,,
15:45:30,RepeatedTypingPause,ThinkLoop,5.2 min,Writing,No,,
15:46:00,Screen_Stare_NoTyping,FreezeLoop,3.2 min,Idle,No,,
15:46:30,EyeGlance_Phone_Screen_Loop,TechLoop,0.8 min,Work,Yes,,
15:47:00,RepeatedTypingPause,ThinkLoop,3.3 min,Writing,No,,
15:47:30,EyeGlance_Phone_Screen_Loop,TechLoop,7.8 min,Work,Yes,,
15:48:00,TabSwitching_Rapid,EscapeLoop,85 sec,Distraction,Yes,,
15:48:30,SameApp_Open_Close,RecheckLoop,74 sec,Multitasking,Yes,,
15:49:00,Scroll_Pause_Resume,ConsumptionLoop,2.3 min,Reading,No,,
15:49:30,Screen_Stare_NoTyping,FreezeLoop,3.6 min,Idle,No,,
15:50:00,Minimize_Maximize_Loop,AvoidanceLoop,80 sec,Work,Yes,,
15:50:30,Screen_Stare_NoTyping,FreezeLoop,9.9 min,Idle,No,,
15:51:00,Click_Back_Click,DoubtLoop,30 sec,Browsing,Yes,,
15:51:30,EyeGlance_Phone_Screen_Loop,TechLoop,7.8 min,Work,Yes,,
15:52:00,EyeGlance_Phone_Screen_Loop,TechLoop,9.1 min,Work,Yes,,
15:52:30,Mouse_Move_Halt_Move,FocusLoop,9.1 min,Research,No,,
15:53:00,Gaze_Switch_Between_Screens,SplitFocusLoop,5.6 min,DualScreen,No,,
15:53:30,SameApp_Open_Close,RecheckLoop,1.2 min,Multitasking,Yes,,
15:54:00,RepeatedTypingPause,ThinkLoop,52 sec,Writing,No,,
15:54:30,EyeGlance_Phone_Screen_Loop,TechLoop,3.4 min,Work,Yes,,
15:55:00,Mouse_Move_Halt_Move,FocusLoop,55 sec,Research,No,,
15:55:30,Scroll_Pause_Resume,ConsumptionLoop,7.9 min,Reading,No,,
15:56:00,Mouse_Move_Halt_Move,FocusLoop,7.5 min,Research,No,,
15:56:30,Gaze_Switch_Between_Screens,SplitFocusLoop,2.1 min,DualScreen,No,,
15:57:00,TabSwitching_Rapid,EscapeLoop,9.9 min,Distraction,Yes,,
15:57:30,Screen_Stare_NoTyping,FreezeLoop,7.7 min,Idle,No,,
15:58:00,EyeGlance_Phone_Screen_Loop,TechLoop,2.9 min,Work,Yes,,
15:58:30,Mouse_Move_Halt_Move,FocusLoop,9.1 min,Research,No,,
15:59:00,Minimize_Maximize_Loop,AvoidanceLoop,4.9 min,Work,Yes,,
15:59:30,Gaze_Switch_Between_Screens,SplitFocusLoop,5.6 min,DualScreen,No,,
16:00:00,Mouse_Move_Halt_Move,FocusLoop,0.8 min,Research,No,,
16:00:30,SameApp_Open_Close,RecheckLoop,8.3 min,Multitasking,Yes,,
16:01:00,Minimize_Maximize_Loop,AvoidanceLoop,7.5 min,Work,Yes,,
16:01:30,TabSwitching_Rapid,EscapeLoop,2.4 min,Distraction,Yes,,
16:02:00,RepeatedTypingPause,ThinkLoop,3.6 min,Writing,No,,
16:02:30,SameApp_Open_Close,RecheckLoop,3.6 min,Multitasking,Yes,,
16:03:00,Scroll_Pause_Resume,ConsumptionLoop,3.0 min,Reading,No,,
16:03:30,EyeGlance_Phone_Screen_Loop,TechLoop,7.7 min,Work,Yes,,
16:04:00,EyeGlance_Phone_Screen_Loop,TechLoop,73 sec,Work,Yes,,
16:04:30,Minimize_Maximize_Loop,AvoidanceLoop,2.2 min,Work,Yes,,
16:05:00,Scroll_Pause_Resume,ConsumptionLoop,0.6 min,Reading,No,,
16:05:30,SameApp_Open_Close,RecheckLoop,1.9 min,Multitasking,Yes,,
16:06:00,Click_Back_Click,DoubtLoop,4.0 min,Browsing,Yes,,
16:06:30,Screen_Stare_NoTyping,FreezeLoop,5.2 min,Idle,No,,
16:07:00,Click_Back_Click,DoubtLoop,88 sec,Browsing,Yes,,
16:07:30,Mouse_Move_Halt_Move,FocusLoop,3.3 min,Research,No,,
16:08:00,Minimize_Maximize_Loop,AvoidanceLoop,6.7 min,Work,Yes,,
16:08:30,Click_Back_Click,DoubtLoop,2.0 min,Browsing,Yes,,
16:09:00,Click_Back_Click,DoubtLoop,2.4 min,Browsing,Yes,,
16:09:30,Click_Back_Click,DoubtLoop,3.8 min,Browsing,Yes,,
16:10:00,SameApp_Open_Close,RecheckLoop,9.8 min,Multitasking,Yes,,
16:10:30,RepeatedTypingPause,ThinkLoop,82 sec,Writing,No,,
16:11:00,Gaze_Switch_Between_Screens,SplitFocusLoop,8.9 min,DualScreen,No,,
16:11:30,TabSwitching_Rapid,EscapeLoop,1.0 min,Distraction,Yes,,
16:12:00,Minimize_Maximize_Loop,AvoidanceLoop,5.6 min,Work,Yes,,
16:12:30,Mouse_Move_Halt_Move,FocusLoop,4.1 min,Research,No,,
16:13:00,TabSwitching_Rapid,EscapeLoop,2.6 min,Distraction,Yes,,
16:13:30,RepeatedTypingPause,ThinkLoop,1.6 min,Writing,No,,
16:14:00,Minimize_Maximize_Loop,AvoidanceLoop,4.1 min,Work,Yes,,
16:14:30,Gaze_Switch_Between_Screens,SplitFocusLoop,5.4 min,DualScreen,No,,
16:15:00,Click_Back_Click,DoubtLoop,4.2 min,Browsing,Yes,,
16:15:30,Gaze_Switch_Between_Screens,SplitFocusLoop,32 sec,DualScreen,No,,
16:16:00,Mouse_Move_Halt_Move,FocusLoop,40 sec,Research,No,,
16:16:30,Minimize_Maximize_Loop,AvoidanceLoop,4.1 min,Work,Yes,,
16:17:00,Screen_Stare_NoTyping,FreezeLoop,9.7 min,Idle,No,,
16:17:30,Scroll_Pause_Resume,ConsumptionLoop,5.3 min,Reading,No,,
16:18:00,TabSwitching_Rapid,EscapeLoop,7.1 min,Distraction,Yes,,
16:18:30,Gaze_Switch_Between_Screens,SplitFocusLoop,6.0 min,DualScreen,No,,
16:19:00,Screen_Stare_NoTyping,FreezeLoop,2.9 min,Idle,No,,
16:19:30,Gaze_Switch_Between_Screens,SplitFocusLoop,9.5 min,DualScreen,No,,
16:20:00,Scroll_Pause_Resume,ConsumptionLoop,9.2 min,Reading,No,,
16:20:30,Mouse_Move_Halt_Move,FocusLoop,6.9 min,Research,No,,
16:21:00,Click_Back_Click,DoubtLoop,4.8 min,Browsing,Yes,,
16:21:30,TabSwitching_Rapid,EscapeLoop,9.9 min,Distraction,Yes,,
16:22:00,Mouse_Move_Halt_Move,FocusLoop,64 sec,Research,No,,
16:22:30,RepeatedTypingPause,ThinkLoop,9.2 min,Writing,No,,
16:23:00,Gaze_Switch_Between_Screens,SplitFocusLoop,9.9 min,DualScreen,No,,
16:23:30,Minimize_Maximize_Loop,AvoidanceLoop,37 sec,Work,Yes,,
16:24:00,Scroll_Pause_Resume,ConsumptionLoop,1.5 min,Reading,No,,
16:24:30,Gaze_Switch_Between_Screens,SplitFocusLoop,8.3 min,DualScreen,No,,
16:25:00,Click_Back_Click,DoubtLoop,9.4 min,Browsing,Yes,,
16:25:30,EyeGlance_Phone_Screen_Loop,TechLoop,0.5 min,Work,Yes,,
16:26:00,Scroll_Pause_Resume,ConsumptionLoop,3.1 min,Reading,No,,
16:26:30,Mouse_Move_Halt_Move,FocusLoop,9.3 min,Research,No,,
16:27:00,Gaze_Switch_Between_Screens,SplitFocusLoop,3.3 min,DualScreen,No,,
16:27:30,TabSwitching_Rapid,EscapeLoop,9.3 min,Distraction,Yes,,
16:28:00,Gaze_Switch_Between_Screens,SplitFocusLoop,9.1 min,DualScreen,No,,
16:28:30,Screen_Stare_NoTyping,FreezeLoop,3.9 min,Idle,No,,
16:29:00,Minimize_Maximize_Loop,AvoidanceLoop,54 sec,Work,Yes,,
16:29:30,Screen_Stare_NoTyping,FreezeLoop,4.8 min,Idle,No,,
16:30:00,RepeatedTypingPause,ThinkLoop,4.8 min,Writing,No,,
16:30:30,EyeGlance_Phone_Screen_Loop,TechLoop,8.6 min,Work,Yes,,
16:31:00,Click_Back_Click,DoubtLoop,1.2 min,Browsing,Yes,,
16:31:30,EyeGlance_Phone_Screen_Loop,TechLoop,2.6 min,Work,Yes,,
16:32:00,Mouse_Move_Halt_Move,FocusLoop,6.3 min,Research,No,,
16:32:30,TabSwitching_Rapid,EscapeLoop,8.4 min,Distraction,Yes,,
16:33:00,Minimize_Maximize_Loop,AvoidanceLoop,81 sec,Work,Yes,,
16:33:30,Screen_Stare_NoTyping,FreezeLoop,7.1 min,Idle,No,,
16:34:00,SameApp_Open_Close,RecheckLoop,6.1 min,Multitasking,Yes,,
16:34:30,Minimize_Maximize_Loop,AvoidanceLoop,2.7 min,Work,Yes,,
16:35:00,Screen_Stare_NoTyping,FreezeLoop,9.5 min,Idle,No,,
16:35:30,Mouse_Move_Halt_Move,FocusLoop,78 sec,Research,No,,
16:36:00,Click_Back_Click,DoubtLoop,3.6 min,Browsing,Yes,,
16:36:30,Minimize_Maximize_Loop,AvoidanceLoop,3.0 min,Work,Yes,,
16:37:00,Click_Back_Click,DoubtLoop,10.0 min,Browsing,Yes,,
16:37:30,Minimize_Maximize_Loop,AvoidanceLoop,8.4 min,Work,Yes,,
16:38:00,Mouse_Move_Halt_Move,FocusLoop,3.7 min,Research,No,,
16:38:30,TabSwitching_Rapid,EscapeLoop,7.4 min,Distraction,Yes,,
16:39:00,EyeGlance_Phone_Screen_Loop,TechLoop,9.7 min,Work,Yes,,
16:39:30,TabSwitching_Rapid,EscapeLoop,68 sec,Distraction,Yes,,
16:40:00,SameApp_Open_Close,RecheckLoop,2.6 min,Multitasking,Yes,,
16:40:30,TabSwitching_Rapid,EscapeLoop,8.5 min,Distraction,Yes,,
16:41:00,Screen_Stare_NoTyping,FreezeLoop,3.1 min,Idle,No,,
16:41:30,Minimize_Maximize_Loop,AvoidanceLoop,66 sec,Work,Yes,,
16:42:00,Click_Back_Click,DoubtLoop,5.9 min,Browsing,Yes,,
16:42:30,Screen_Stare_NoTyping,FreezeLoop,3.0 min,Idle,No,,
16:43:00,Scroll_Pause_Resume,ConsumptionLoop,5.9 min,Reading,No,,
16:43:30,Mouse_Move_Halt_Move,FocusLoop,88 sec,Research,No,,
16:44:00,TabSwitching_Rapid,EscapeLoop,5.6 min,Distraction,Yes,,
16:44:30,Scroll_Pause_Resume,ConsumptionLoop,1.2 min,Reading,No,,
16:45:00,Mouse_Move_Halt_Move,FocusLoop,74 sec,Research,No,,
16:45:30,Screen_Stare_NoTyping,FreezeLoop,8.6 min,Idle,No,,
16:46:00,Screen_Stare_NoTyping,FreezeLoop,34 sec,Idle,No,,
16:46:30,SameApp_Open_Close,RecheckLoop,2.4 min,Multitasking,Yes,,
16:47:00,Gaze_Switch_Between_Screens,SplitFocusLoop,7.9 min,DualScreen,No,,
16:47:30,EyeGlance_Phone_Screen_Loop,TechLoop,8.2 min,Work,Yes,,
16:48:00,TabSwitching_Rapid,EscapeLoop,2.6 min,Distraction,Yes,,
16:48:30,Gaze_Switch_Between_Screens,SplitFocusLoop,8.4 min,DualScreen,No,,
16:49:00,Minimize_Maximize_Loop,AvoidanceLoop,9.0 min,Work,Yes,,
16:49:30,TabSwitching_Rapid,EscapeLoop,5.6 min,Distraction,Yes,,
16:50:00,RepeatedTypingPause,ThinkLoop,8.8 min,Writing,No,,
16:50:30,Mouse_Move_Halt_Move,FocusLoop,2.4 min,Research,No,,
16:51:00,Gaze_Switch_Between_Screens,SplitFocusLoop,9.5 min,DualScreen,No,,
16:51:30,Minimize_Maximize_Loop,AvoidanceLoop,1.4 min,Work,Yes,,
16:52:00,Scroll_Pause_Resume,ConsumptionLoop,7.9 min,Reading,No,,
16:52:30,EyeGlance_Phone_Screen_Loop,TechLoop,6.7 min,Work,Yes,,
16:53:00,Gaze_Switch_Between_Screens,SplitFocusLoop,8.6 min,DualScreen,No,,
16:53:30,Mouse_Move_Halt_Move,FocusLoop,5.9 min,Research,No,,
16:54:00,RepeatedTypingPause,ThinkLoop,4.2 min,Writing,No,,
16:54:30,Click_Back_Click,DoubtLoop,37 sec,Browsing,Yes,,
16:55:00,RepeatedTypingPause,ThinkLoop,3.8 min,Writing,No,,
16:55:30,Scroll_Pause_Resume,ConsumptionLoop,0.7 min,Reading,No,,
16:56:00,RepeatedTypingPause,ThinkLoop,4.0 min,Writing,No,,
16:56:30,SameApp_Open_Close,RecheckLoop,83 sec,Multitasking,Yes,,
16:57:00,Mouse_Move_Halt_Move,FocusLoop,4.6 min,Research,No,,
16:57:30,TabSwitching_Rapid,EscapeLoop,84 sec,Distraction,Yes,,
16:58:00,EyeGlance_Phone_Screen_Loop,TechLoop,4.3 min,Work,Yes,,
16:58:30,SameApp_Open_Close,RecheckLoop,1.3 min,Multitasking,Yes,,
16:59:00,Click_Back_Click,DoubtLoop,5.7 min,Browsing,Yes,,
16:59:30,Mouse_Move_Halt_Move,FocusLoop,1.1 min,Research,No,,
17:00:00,Scroll_Pause_Resume,ConsumptionLoop,7.9 min,Reading,No,,
17:00:30,Scroll_Pause_Resume,ConsumptionLoop,80 sec,Reading,No,,
17:01:00,Click_Back_Click,DoubtLoop,5.1 min,Browsing,Yes,,
17:01:30,Scroll_Pause_Resume,ConsumptionLoop,58 sec,Reading,No,,
17:02:00,Mouse_Move_Halt_Move,FocusLoop,6.8 min,Research,No,,
17:02:30,RepeatedTypingPause,ThinkLoop,2.1 min,Writing,No,,
17:03:00,Scroll_Pause_Resume,ConsumptionLoop,2.7 min,Reading,No,,
17:03:30,Minimize_Maximize_Loop,AvoidanceLoop,2.6 min,Work,Yes,,
17:04:00,Mouse_Move_Halt_Move,FocusLoop,2.7 min,Research,No,,
17:04:30,SameApp_Open_Close,RecheckLoop,5.4 min,Multitasking,Yes,,
17:05:00,EyeGlance_Phone_Screen_Loop,TechLoop,47 sec,Work,Yes,,
17:05:30,SameApp_Open_Close,RecheckLoop,43 sec,Multitasking,Yes,,
17:06:00,Minimize_Maximize_Loop,AvoidanceLoop,1.1 min,Work,Yes,,
17:06:30,Gaze_Switch_Between_Screens,SplitFocusLoop,2.1 min,DualScreen,No,,
17:07:00,Mouse_Move_Halt_Move,FocusLoop,2.9 min,Research,No,,
17:07:30,TabSwitching_Rapid,EscapeLoop,78 sec,Distraction,Yes,,
17:08:00,Click_Back_Click,DoubtLoop,0.8 min,Browsing,Yes,,
17:08:30,Screen_Stare_NoTyping,FreezeLoop,9.4 min,Idle,No,,
17:09:00,TabSwitching_Rapid,EscapeLoop,9.9 min,Distraction,Yes,,
17:09:30,Gaze_Switch_Between_Screens,SplitFocusLoop,34 sec,DualScreen,No,,
17:10:00,RepeatedTypingPause,ThinkLoop,5.3 min,Writing,No,,
17:10:30,SameApp_Open_Close,RecheckLoop,6.3 min,Multitasking,Yes,,
17:11:00,Click_Back_Click,DoubtLoop,7.1 min,Browsing,Yes,,
17:11:30,Click_Back_Click,DoubtLoop,7.2 min,Browsing,Yes,,
17:12:00,TabSwitching_Rapid,EscapeLoop,9.2 min,Distraction,Yes,,
17:12:30,Gaze_Switch_Between_Screens,SplitFocusLoop,4.7 min,DualScreen,No,,
17:13:00,EyeGlance_Phone_Screen_Loop,TechLoop,56 sec,Work,Yes,,
17:13:30,EyeGlance_Phone_Screen_Loop,TechLoop,41 sec,Work,Yes,,
17:14:00,EyeGlance_Phone_Screen_Loop,TechLoop,75 sec,Work,Yes,,
17:14:30,EyeGlance_Phone_Screen_Loop,TechLoop,6.3 min,Work,Yes,,
17:15:00,Click_Back_Click,DoubtLoop,4.6 min,Browsing,Yes,,
17:15:30,Minimize_Maximize_Loop,AvoidanceLoop,75 sec,Work,Yes,,
17:16:00,RepeatedTypingPause,ThinkLoop,72 sec,Writing,No,,
17:16:30,RepeatedTypingPause,ThinkLoop,46 sec,Writing,No,,
17:17:00,SameApp_Open_Close,RecheckLoop,2.0 min,Multitasking,Yes,,
17:17:30,Gaze_Switch_Between_Screens,SplitFocusLoop,3.3 min,DualScreen,No,,
17:18:00,Screen_Stare_NoTyping,FreezeLoop,7.5 min,Idle,No,,
17:18:30,EyeGlance_Phone_Screen_Loop,TechLoop,4.5 min,Work,Yes,,
17:19:00,RepeatedTypingPause,ThinkLoop,5.6 min,Writing,No,,
17:19:30,EyeGlance_Phone_Screen_Loop,TechLoop,3.2 min,Work,Yes,,
17:20:00,Mouse_Move_Halt_Move,FocusLoop,5.3 min,Research,No,,
17:20:30,Click_Back_Click,DoubtLoop,5.1 min,Browsing,Yes,,
17:21:00,SameApp_Open_Close,RecheckLoop,1.3 min,Multitasking,Yes,,
17:21:30,Mouse_Move_Halt_Move,FocusLoop,0.8 min,Research,No,,
17:22:00,Click_Back_Click,DoubtLoop,1.4 min,Browsing,Yes,,
17:22:30,EyeGlance_Phone_Screen_Loop,TechLoop,5.9 min,Work,Yes,,
17:23:00,RepeatedTypingPause,ThinkLoop,0.8 min,Writing,No,,
17:23:30,Screen_Stare_NoTyping,FreezeLoop,8.6 min,Idle,No,,
17:24:00,SameApp_Open_Close,RecheckLoop,6.3 min,Multitasking,Yes,,
17:24:30,Screen_Stare_NoTyping,FreezeLoop,5.1 min,Idle,No,,
17:25:00,Mouse_Move_Halt_Move,FocusLoop,8.8 min,Research,No,,
17:25:30,TabSwitching_Rapid,EscapeLoop,1.4 min,Distraction,Yes,,
17:26:00,Screen_Stare_NoTyping,FreezeLoop,5.3 min,Idle,No,,
17:26:30,Screen_Stare_NoTyping,FreezeLoop,56 sec,Idle,No,,
17:27:00,Screen_Stare_NoTyping,FreezeLoop,1.2 min,Idle,No,,
17:27:30,TabSwitching_Rapid,EscapeLoop,0.6 min,Distraction,Yes,,
17:28:00,Mouse_Move_Halt_Move,FocusLoop,8.9 min,Research,No,,
17:28:30,RepeatedTypingPause,ThinkLoop,1.2 min,Writing,No,,
17:29:00,Mouse_Move_Halt_Move,FocusLoop,64 sec,Research,No,,
17:29:30,TabSwitching_Rapid,EscapeLoop,4.2 min,Distraction,Yes,,
17:30:00,Click_Back_Click,DoubtLoop,2.7 min,Browsing,Yes,,
17:30:30,Minimize_Maximize_Loop,AvoidanceLoop,7.8 min,Work,Yes,,
17:31:00,Scroll_Pause_Resume,ConsumptionLoop,3.3 min,Reading,No,,
17:31:30,Minimize_Maximize_Loop,AvoidanceLoop,4.8 min,Work,Yes,,
17:32:00,Screen_Stare_NoTyping,FreezeLoop,2.0 min,Idle,No,,
17:32:30,Mouse_Move_Halt_Move,FocusLoop,7.5 min,Research,No,,
17:33:00,Mouse_Move_Halt_Move,FocusLoop,9.0 min,Research,No,,
17:33:30,Mouse_Move_Halt_Move,FocusLoop,6.3 min,Research,No,,
17:34:00,RepeatedTypingPause,ThinkLoop,88 sec,Writing,No,,
17:34:30,SameApp_Open_Close,RecheckLoop,83 sec,Multitasking,Yes,,
17:35:00,RepeatedTypingPause,ThinkLoop,1.9 min,Writing,No,,
17:35:30,Minimize_Maximize_Loop,AvoidanceLoop,33 sec,Work,Yes,,
17:36:00,SameApp_Open_Close,RecheckLoop,0.5 min,Multitasking,Yes,,
17:36:30,Scroll_Pause_Resume,ConsumptionLoop,1.8 min,Reading,No,,
17:37:00,Minimize_Maximize_Loop,AvoidanceLoop,1.4 min,Work,Yes,,
17:37:30,Mouse_Move_Halt_Move,FocusLoop,9.9 min,Research,No,,
17:38:00,RepeatedTypingPause,ThinkLoop,7.5 min,Writing,No,,
17:38:30,Scroll_Pause_Resume,ConsumptionLoop,51 sec,Reading,No,,
17:39:00,EyeGlance_Phone_Screen_Loop,TechLoop,86 sec,Work,Yes,,
17:39:30,Scroll_Pause_Resume,ConsumptionLoop,9.8 min,Reading,No,,
17:40:00,SameApp_Open_Close,RecheckLoop,56 sec,Multitasking,Yes,,
17:40:30,Mouse_Move_Halt_Move,FocusLoop,6.2 min,Research,No,,
17:41:00,Scroll_Pause_Resume,ConsumptionLoop,90 sec,Reading,No,,
17:41:30,Minimize_Maximize_Loop,AvoidanceLoop,1.1 min,Work,Yes,,
17:42:00,Click_Back_Click,DoubtLoop,2.5 min,Browsing,Yes,,
17:42:30,SameApp_Open_Close,RecheckLoop,9.1 min,Multitasking,Yes,,
17:43:00,TabSwitching_Rapid,EscapeLoop,2.7 min,Distraction,Yes,,
17:43:30,Gaze_Switch_Between_Screens,SplitFocusLoop,1.5 min,DualScreen,No,,
17:44:00,Click_Back_Click,DoubtLoop,7.8 min,Browsing,Yes,,
17:44:30,Scroll_Pause_Resume,ConsumptionLoop,7.4 min,Reading,No,,
17:45:00,Scroll_Pause_Resume,ConsumptionLoop,4.1 min,Reading,No,,
17:45:30,Screen_Stare_NoTyping,FreezeLoop,8.8 min,Idle,No,,
17:46:00,Scroll_Pause_Resume,ConsumptionLoop,31 sec,Reading,No,,
17:46:30,Click_Back_Click,DoubtLoop,6.4 min,Browsing,Yes,,
17:47:00,EyeGlance_Phone_Screen_Loop,TechLoop,9.0 min,Work,Yes,,
17:47:30,RepeatedTypingPause,ThinkLoop,8.9 min,Writing,No,,
17:48:00,Click_Back_Click,DoubtLoop,1.7 min,Browsing,Yes,,
17:48:30,EyeGlance_Phone_Screen_Loop,TechLoop,45 sec,Work,Yes,,
17:49:00,Gaze_Switch_Between_Screens,SplitFocusLoop,52 sec,DualScreen,No,,
17:49:30,Click_Back_Click,DoubtLoop,9.4 min,Browsing,Yes,,
17:50:00,RepeatedTypingPause,ThinkLoop,7.3 min,Writing,No,,
17:50:30,Screen_Stare_NoTyping,FreezeLoop,5.4 min,Idle,No,,
17:51:00,EyeGlance_Phone_Screen_Loop,TechLoop,0.9 min,Work,Yes,,
17:51:30,Minimize_Maximize_Loop,AvoidanceLoop,75 sec,Work,Yes,,
17:52:00,Click_Back_Click,DoubtLoop,72 sec,Browsing,Yes,,
17:52:30,Screen_Stare_NoTyping,FreezeLoop,6.3 min,Idle,No,,
17:53:00,Screen_Stare_NoTyping,FreezeLoop,8.6 min,Idle,No,,
17:53:30,RepeatedTypingPause,ThinkLoop,58 sec,Writing,No,,
17:54:00,SameApp_Open_Close,RecheckLoop,46 sec,Multitasking,Yes,,
17:54:30,RepeatedTypingPause,ThinkLoop,6.1 min,Writing,No,,
17:55:00,Click_Back_Click,DoubtLoop,66 sec,Browsing,Yes,,
17:55:30,Gaze_Switch_Between_Screens,SplitFocusLoop,1.4 min,DualScreen,No,,
17:56:00,Screen_Stare_NoTyping,FreezeLoop,88 sec,Idle,No,,
17:56:30,Mouse_Move_Halt_Move,FocusLoop,7.0 min,Research,No,,
17:57:00,SameApp_Open_Close,RecheckLoop,77 sec,Multitasking,Yes,,
17:57:30,EyeGlance_Phone_Screen_Loop,TechLoop,47 sec,Work,Yes,,
17:58:00,TabSwitching_Rapid,EscapeLoop,31 sec,Distraction,Yes,,
17:58:30,Scroll_Pause_Resume,ConsumptionLoop,8.8 min,Reading,No,,
17:59:00,Screen_Stare_NoTyping,FreezeLoop,2.4 min,Idle,No,,
17:59:30,Mouse_Move_Halt_Move,FocusLoop,6.8 min,Research,No,,
18:00:00,Gaze_Switch_Between_Screens,SplitFocusLoop,34 sec,DualScreen,No,,
18:00:30,TabSwitching_Rapid,EscapeLoop,2.7 min,Distraction,Yes,,
18:01:00,RepeatedTypingPause,ThinkLoop,3.1 min,Writing,No,,
18:01:30,Screen_Stare_NoTyping,FreezeLoop,8.9 min,Idle,No,,
18:02:00,SameApp_Open_Close,RecheckLoop,3.4 min,Multitasking,Yes,,
18:02:30,Gaze_Switch_Between_Screens,SplitFocusLoop,6.6 min,DualScreen,No,,
18:03:00,RepeatedTypingPause,ThinkLoop,6.1 min,Writing,No,,
18:03:30,Click_Back_Click,DoubtLoop,8.7 min,Browsing,Yes,,
18:04:00,TabSwitching_Rapid,EscapeLoop,31 sec,Distraction,Yes,,
18:04:30,EyeGlance_Phone_Screen_Loop,TechLoop,2.6 min,Work,Yes,,
18:05:00,TabSwitching_Rapid,EscapeLoop,1.6 min,Distraction,Yes,,
18:05:30,EyeGlance_Phone_Screen_Loop,TechLoop,1.9 min,Work,Yes,,
18:06:00,Mouse_Move_Halt_Move,FocusLoop,6.6 min,Research,No,,
18:06:30,Click_Back_Click,DoubtLoop,85 sec,Browsing,Yes,,
18:07:00,EyeGlance_Phone_Screen_Loop,TechLoop,8.2 min,Work,Yes,,
18:07:30,Scroll_Pause_Resume,ConsumptionLoop,9.2 min,Reading,No,,
18:08:00,Gaze_Switch_Between_Screens,SplitFocusLoop,1.8 min,DualScreen,No,,
18:08:30,EyeGlance_Phone_Screen_Loop,TechLoop,9.6 min,Work,Yes,,
18:09:00,SameApp_Open_Close,RecheckLoop,2.1 min,Multitasking,Yes,,
18:09:30,SameApp_Open_Close,RecheckLoop,31 sec,Multitasking,Yes,,
18:10:00,Mouse_Move_Halt_Move,FocusLoop,82 sec,Research,No,,
18:10:30,Screen_Stare_NoTyping,FreezeLoop,4.6 min,Idle,No,,
18:11:00,SameApp_Open_Close,RecheckLoop,8.1 min,Multitasking,Yes,,
18:11:30,Gaze_Switch_Between_Screens,SplitFocusLoop,4.5 min,DualScreen,No,,
18:12:00,SameApp_Open_Close,RecheckLoop,5.6 min,Multitasking,Yes,,
18:12:30,EyeGlance_Phone_Screen_Loop,TechLoop,85 sec,Work,Yes,,
18:13:00,SameApp_Open_Close,RecheckLoop,6.8 min,Multitasking,Yes,,
18:13:30,Click_Back_Click,DoubtLoop,7.9 min,Browsing,Yes,,
18:14:00,Minimize_Maximize_Loop,AvoidanceLoop,38 sec,Work,Yes,,
18:14:30,Screen_Stare_NoTyping,FreezeLoop,45 sec,Idle,No,,
18:15:00,EyeGlance_Phone_Screen_Loop,TechLoop,9.5 min,Work,Yes,,
18:15:30,EyeGlance_Phone_Screen_Loop,TechLoop,30 sec,Work,Yes,,
18:16:00,Scroll_Pause_Resume,ConsumptionLoop,9.6 min,Reading,No,,
18:16:30,RepeatedTypingPause,ThinkLoop,4.5 min,Writing,No,,
18:17:00,Click_Back_Click,DoubtLoop,5.4 min,Browsing,Yes,,
18:17:30,Mouse_Move_Halt_Move,FocusLoop,3.7 min,Research,No,,
18:18:00,Screen_Stare_NoTyping,FreezeLoop,31 sec,Idle,No,,
18:18:30,Gaze_Switch_Between_Screens,SplitFocusLoop,1.4 min,DualScreen,No,,
18:19:00,Mouse_Move_Halt_Move,FocusLoop,4.9 min,Research,No,,
18:19:30,Click_Back_Click,DoubtLoop,7.0 min,Browsing,Yes,,
18:20:00,SameApp_Open_Close,RecheckLoop,1.5 min,Multitasking,Yes,,
18:20:30,Click_Back_Click,DoubtLoop,5.0 min,Browsing,Yes,,
18:21:00,TabSwitching_Rapid,EscapeLoop,9.2 min,Distraction,Yes,,
18:21:30,TabSwitching_Rapid,EscapeLoop,59 sec,Distraction,Yes,,
18:22:00,EyeGlance_Phone_Screen_Loop,TechLoop,79 sec,Work,Yes,,
18:22:30,SameApp_Open_Close,RecheckLoop,5.3 min,Multitasking,Yes,,
18:23:00,Click_Back_Click,DoubtLoop,7.1 min,Browsing,Yes,,
18:23:30,Click_Back_Click,DoubtLoop,1.7 min,Browsing,Yes,,
18:24:00,Scroll_Pause_Resume,ConsumptionLoop,2.6 min,Reading,No,,
18:24:30,EyeGlance_Phone_Screen_Loop,TechLoop,3.2 min,Work,Yes,,
18:25:00,Scroll_Pause_Resume,ConsumptionLoop,6.8 min,Reading,No,,
18:25:30,TabSwitching_Rapid,EscapeLoop,31 sec,Distraction,Yes,,
18:26:00,Gaze_Switch_Between_Screens,SplitFocusLoop,9.6 min,DualScreen,No,,
18:26:30,Minimize_Maximize_Loop,AvoidanceLoop,6.0 min,Work,Yes,,
18:27:00,Click_Back_Click,DoubtLoop,79 sec,Browsing,Yes,,
18:27:30,EyeGlance_Phone_Screen_Loop,TechLoop,9.2 min,Work,Yes,,
18:28:00,EyeGlance_Phone_Screen_Loop,TechLoop,8.2 min,Work,Yes,,
18:28:30,TabSwitching_Rapid,EscapeLoop,8.4 min,Distraction,Yes,,
18:29:00,Screen_Stare_NoTyping,FreezeLoop,2.1 min,Idle,No,,
18:29:30,SameApp_Open_Close,RecheckLoop,55 sec,Multitasking,Yes,,
18:30:00,Gaze_Switch_Between_Screens,SplitFocusLoop,2.1 min,DualScreen,No,,
18:30:30,RepeatedTypingPause,ThinkLoop,8.4 min,Writing,No,,
18:31:00,TabSwitching_Rapid,EscapeLoop,69 sec,Distraction,Yes,,
18:31:30,RepeatedTypingPause,ThinkLoop,5.4 min,Writing,No,,
18:32:00,Screen_Stare_NoTyping,FreezeLoop,1.4 min,Idle,No,,
18:32:30,TabSwitching_Rapid,EscapeLoop,9.9 min,Distraction,Yes,,
18:33:00,Mouse_Move_Halt_Move,FocusLoop,65 sec,Research,No,,
18:33:30,EyeGlance_Phone_Screen_Loop,TechLoop,3.2 min,Work,Yes,,
18:34:00,SameApp_Open_Close,RecheckLoop,57 sec,Multitasking,Yes,,
18:34:30,EyeGlance_Phone_Screen_Loop,TechLoop,59 sec,Work,Yes,,
18:35:00,Gaze_Switch_Between_Screens,SplitFocusLoop,2.1 min,DualScreen,No,,
18:35:30,Minimize_Maximize_Loop,AvoidanceLoop,4.5 min,Work,Yes,,
18:36:00,Screen_Stare_NoTyping,FreezeLoop,6.6 min,Idle,No,,
18:36:30,Screen_Stare_NoTyping,FreezeLoop,9.4 min,Idle,No,,
18:37:00,Click_Back_Click,DoubtLoop,7.0 min,Browsing,Yes,,
18:37:30,SameApp_Open_Close,RecheckLoop,3.7 min,Multitasking,Yes,,
18:38:00,EyeGlance_Phone_Screen_Loop,TechLoop,6.3 min,Work,Yes,,
18:38:30,Scroll_Pause_Resume,ConsumptionLoop,7.4 min,Reading,No,,
18:39:00,RepeatedTypingPause,ThinkLoop,6.5 min,Writing,No,,
18:39:30,TabSwitching_Rapid,EscapeLoop,8.2 min,Distraction,Yes,,
18:40:00,Minimize_Maximize_Loop,AvoidanceLoop,2.1 min,Work,Yes,,
18:40:30,Click_Back_Click,DoubtLoop,0.8 min,Browsing,Yes,,
18:41:00,Mouse_Move_Halt_Move,FocusLoop,4.5 min,Research,No,,
18:41:30,Scroll_Pause_Resume,ConsumptionLoop,5.5 min,Reading,No,,
18:42:00,RepeatedTypingPause,ThinkLoop,9.9 min,Writing,No,,
18:42:30,Click_Back_Click,DoubtLoop,8.1 min,Browsing,Yes,,
18:43:00,EyeGlance_Phone_Screen_Loop,TechLoop,1.2 min,Work,Yes,,
18:43:30,EyeGlance_Phone_Screen_Loop,TechLoop,38 sec,Work,Yes,,
18:44:00,TabSwitching_Rapid,EscapeLoop,1.8 min,Distraction,Yes,,
18:44:30,Scroll_Pause_Resume,ConsumptionLoop,3.0 min,Reading,No,,
18:45:00,Screen_Stare_NoTyping,FreezeLoop,7.8 min,Idle,No,,
18:45:30,Mouse_Move_Halt_Move,FocusLoop,1.7 min,Research,No,,
18:46:00,RepeatedTypingPause,ThinkLoop,8.2 min,Writing,No,,
18:46:30,SameApp_Open_Close,RecheckLoop,9.7 min,Multitasking,Yes,,
18:47:00,RepeatedTypingPause,ThinkLoop,7.5 min,Writing,No,,
18:47:30,TabSwitching_Rapid,EscapeLoop,0.6 min,Distraction,Yes,,
18:48:00,SameApp_Open_Close,RecheckLoop,9.3 min,Multitasking,Yes,,
18:48:30,RepeatedTypingPause,ThinkLoop,5.5 min,Writing,No,,
18:49:00,Click_Back_Click,DoubtLoop,3.2 min,Browsing,Yes,,
18:49:30,TabSwitching_Rapid,EscapeLoop,8.2 min,Distraction,Yes,,
18:50:00,EyeGlance_Phone_Screen_Loop,TechLoop,48 sec,Work,Yes,,
18:50:30,Gaze_Switch_Between_Screens,SplitFocusLoop,2.3 min,DualScreen,No,,
18:51:00,Gaze_Switch_Between_Screens,SplitFocusLoop,9.0 min,DualScreen,No,,
18:51:30,RepeatedTypingPause,ThinkLoop,3.4 min,Writing,No,,
18:52:00,Gaze_Switch_Between_Screens,SplitFocusLoop,5.8 min,DualScreen,No,,
18:52:30,TabSwitching_Rapid,EscapeLoop,8.8 min,Distraction,Yes,,
18:53:00,TabSwitching_Rapid,EscapeLoop,7.2 min,Distraction,Yes,,
18:53:30,EyeGlance_Phone_Screen_Loop,TechLoop,2.4 min,Work,Yes,,
18:54:00,TabSwitching_Rapid,EscapeLoop,6.9 min,Distraction,Yes,,
18:54:30,Minimize_Maximize_Loop,AvoidanceLoop,4.9 min,Work,Yes,,
18:55:00,Minimize_Maximize_Loop,AvoidanceLoop,62 sec,Work,Yes,,
18:55:30,TabSwitching_Rapid,EscapeLoop,3.7 min,Distraction,Yes,,
18:56:00,Scroll_Pause_Resume,ConsumptionLoop,4.2 min,Reading,No,,
18:56:30,Scroll_Pause_Resume,ConsumptionLoop,59 sec,Reading,No,,
18:57:00,RepeatedTypingPause,ThinkLoop,9.0 min,Writing,No,,
18:57:30,Gaze_Switch_Between_Screens,SplitFocusLoop,7.8 min,DualScreen,No,,
18:58:00,RepeatedTypingPause,ThinkLoop,31 sec,Writing,No,,
18:58:30,Click_Back_Click,DoubtLoop,4.7 min,Browsing,Yes,,
18:59:00,Click_Back_Click,DoubtLoop,2.1 min,Browsing,Yes,,
18:59:30,EyeGlance_Phone_Screen_Loop,TechLoop,9.1 min,Work,Yes,,
19:00:00,EyeGlance_Phone_Screen_Loop,TechLoop,6.6 min,Work,Yes,,
19:00:30,SameApp_Open_Close,RecheckLoop,1.4 min,Multitasking,Yes,,
19:01:00,Click_Back_Click,DoubtLoop,6.5 min,Browsing,Yes,,
19:01:30,RepeatedTypingPause,ThinkLoop,4.0 min,Writing,No,,
19:02:00,SameApp_Open_Close,RecheckLoop,8.4 min,Multitasking,Yes,,
19:02:30,TabSwitching_Rapid,EscapeLoop,5.6 min,Distraction,Yes,,
19:03:00,Minimize_Maximize_Loop,AvoidanceLoop,8.8 min,Work,Yes,,
19:03:30,RepeatedTypingPause,ThinkLoop,9.3 min,Writing,No,,
19:04:00,Screen_Stare_NoTyping,FreezeLoop,4.9 min,Idle,No,,
19:04:30,RepeatedTypingPause,ThinkLoop,2.2 min,Writing,No,,
19:05:00,Screen_Stare_NoTyping,FreezeLoop,2.7 min,Idle,No,,
19:05:30,EyeGlance_Phone_Screen_Loop,TechLoop,0.8 min,Work,Yes,,
19:06:00,RepeatedTypingPause,ThinkLoop,90 sec,Writing,No,,
19:06:30,Click_Back_Click,DoubtLoop,50 sec,Browsing,Yes,,
19:07:00,Scroll_Pause_Resume,ConsumptionLoop,3.5 min,Reading,No,,
19:07:30,Mouse_Move_Halt_Move,FocusLoop,3.5 min,Research,No,,
19:08:00,SameApp_Open_Close,RecheckLoop,8.1 min,Multitasking,Yes,,
19:08:30,Scroll_Pause_Resume,ConsumptionLoop,3.3 min,Reading,No,,
19:09:00,EyeGlance_Phone_Screen_Loop,TechLoop,9.8 min,Work,Yes,,
19:09:30,Minimize_Maximize_Loop,AvoidanceLoop,3.6 min,Work,Yes,,
19:10:00,Mouse_Move_Halt_Move,FocusLoop,2.9 min,Research,No,,
19:10:30,Scroll_Pause_Resume,ConsumptionLoop,33 sec,Reading,No,,
19:11:00,Click_Back_Click,DoubtLoop,5.8 min,Browsing,Yes,,
19:11:30,EyeGlance_Phone_Screen_Loop,TechLoop,1.5 min,Work,Yes,,
19:12:00,RepeatedTypingPause,ThinkLoop,82 sec,Writing,No,,
19:12:30,TabSwitching_Rapid,EscapeLoop,4.0 min,Distraction,Yes,,
19:13:00,Minimize_Maximize_Loop,AvoidanceLoop,8.7 min,Work,Yes,,
19:13:30,SameApp_Open_Close,RecheckLoop,8.2 min,Multitasking,Yes,,
19:14:00,Gaze_Switch_Between_Screens,SplitFocusLoop,1.2 min,DualScreen,No,,
19:14:30,RepeatedTypingPause,ThinkLoop,3.7 min,Writing,No,,
19:15:00,SameApp_Open_Close,RecheckLoop,7.0 min,Multitasking,Yes,,
19:15:30,Minimize_Maximize_Loop,AvoidanceLoop,3.6 min,Work,Yes,,
19:16:00,Gaze_Switch_Between_Screens,SplitFocusLoop,5.4 min,DualScreen,No,,
19:16:30,Gaze_Switch_Between_Screens,SplitFocusLoop,9.2 min,DualScreen,No,,
19:17:00,Minimize_Maximize_Loop,AvoidanceLoop,8.5 min,Work,Yes,,
19:17:30,Click_Back_Click,DoubtLoop,9.0 min,Browsing,Yes,,
19:18:00,Screen_Stare_NoTyping,FreezeLoop,8.7 min,Idle,No,,
19:18:30,Minimize_Maximize_Loop,AvoidanceLoop,64 sec,Work,Yes,,
19:19:00,Mouse_Move_Halt_Move,FocusLoop,4.5 min,Research,No,,
19:19:30,Gaze_Switch_Between_Screens,SplitFocusLoop,53 sec,DualScreen,No,,
19:20:00,TabSwitching_Rapid,EscapeLoop,7.2 min,Distraction,Yes,,
19:20:30,Gaze_Switch_Between_Screens,SplitFocusLoop,3.6 min,DualScreen,No,,
19:21:00,RepeatedTypingPause,ThinkLoop,69 sec,Writing,No,,
19:21:30,Scroll_Pause_Resume,ConsumptionLoop,1.5 min,Reading,No,,
19:22:00,Mouse_Move_Halt_Move,FocusLoop,2.4 min,Research,No,,
19:22:30,Gaze_Switch_Between_Screens,SplitFocusLoop,6.1 min,DualScreen,No,,
19:23:00,SameApp_Open_Close,RecheckLoop,1.9 min,Multitasking,Yes,,
19:23:30,SameApp_Open_Close,RecheckLoop,7.7 min,Multitasking,Yes,,
19:24:00,Gaze_Switch_Between_Screens,SplitFocusLoop,61 sec,DualScreen,No,,
19:24:30,RepeatedTypingPause,ThinkLoop,7.6 min,Writing,No,,
19:25:00,Scroll_Pause_Resume,ConsumptionLoop,3.4 min,Reading,No,,
19:25:30,Click_Back_Click,DoubtLoop,50 sec,Browsing,Yes,,
19:26:00,Click_Back_Click,DoubtLoop,6.9 min,Browsing,Yes,,
19:26:30,Click_Back_Click,DoubtLoop,7.1 min,Browsing,Yes,,
19:27:00,Scroll_Pause_Resume,ConsumptionLoop,6.3 min,Reading,No,,
19:27:30,Mouse_Move_Halt_Move,FocusLoop,8.9 min,Research,No,,
19:28:00,Scroll_Pause_Resume,ConsumptionLoop,2.9 min,Reading,No,,
19:28:30,SameApp_Open_Close,RecheckLoop,88 sec,Multitasking,Yes,,
19:29:00,Click_Back_Click,DoubtLoop,2.6 min,Browsing,Yes,,
19:29:30,Scroll_Pause_Resume,ConsumptionLoop,5.3 min,Reading,No,,
19:30:00,EyeGlance_Phone_Screen_Loop,TechLoop,7.2 min,Work,Yes,,
19:30:30,Gaze_Switch_Between_Screens,SplitFocusLoop,3.5 min,DualScreen,No,,
19:31:00,Mouse_Move_Halt_Move,FocusLoop,7.7 min,Research,No,,
19:31:30,Scroll_Pause_Resume,ConsumptionLoop,3.1 min,Reading,No,,
19:32:00,EyeGlance_Phone_Screen_Loop,TechLoop,88 sec,Work,Yes,,
19:32:30,Scroll_Pause_Resume,ConsumptionLoop,7.7 min,Reading,No,,
19:33:00,Minimize_Maximize_Loop,AvoidanceLoop,7.9 min,Work,Yes,,
19:33:30,Gaze_Switch_Between_Screens,SplitFocusLoop,8.6 min,DualScreen,No,,
19:34:00,Minimize_Maximize_Loop,AvoidanceLoop,7.5 min,Work,Yes,,
19:34:30,Mouse_Move_Halt_Move,FocusLoop,7.4 min,Research,No,,
19:35:00,Gaze_Switch_Between_Screens,SplitFocusLoop,2.1 min,DualScreen,No,,
19:35:30,Minimize_Maximize_Loop,AvoidanceLoop,9.8 min,Work,Yes,,
19:36:00,RepeatedTypingPause,ThinkLoop,8.7 min,Writing,No,,
19:36:30,TabSwitching_Rapid,EscapeLoop,1.6 min,Distraction,Yes,,
19:37:00,EyeGlance_Phone_Screen_Loop,TechLoop,7.4 min,Work,Yes,,
19:37:30,Mouse_Move_Halt_Move,FocusLoop,2.2 min,Research,No,,
19:38:00,SameApp_Open_Close,RecheckLoop,3.9 min,Multitasking,Yes,,
19:38:30,RepeatedTypingPause,ThinkLoop,2.7 min,Writing,No,,
19:39:00,Mouse_Move_Halt_Move,FocusLoop,4.3 min,Research,No,,
19:39:30,EyeGlance_Phone_Screen_Loop,TechLoop,7.3 min,Work,Yes,,
19:40:00,SameApp_Open_Close,RecheckLoop,7.6 min,Multitasking,Yes,,
19:40:30,Scroll_Pause_Resume,ConsumptionLoop,5.5 min,Reading,No,,
19:41:00,Gaze_Switch_Between_Screens,SplitFocusLoop,9.2 min,DualScreen,No,,
19:41:30,EyeGlance_Phone_Screen_Loop,TechLoop,6.0 min,Work,Yes,,
19:42:00,SameApp_Open_Close,RecheckLoop,69 sec,Multitasking,Yes,,
19:42:30,Minimize_Maximize_Loop,AvoidanceLoop,6.0 min,Work,Yes,,
19:43:00,Gaze_Switch_Between_Screens,SplitFocusLoop,2.8 min,DualScreen,No,,
19:43:30,TabSwitching_Rapid,EscapeLoop,32 sec,Distraction,Yes,,
19:44:00,Screen_Stare_NoTyping,FreezeLoop,9.1 min,Idle,No,,
19:44:30,Gaze_Switch_Between_Screens,SplitFocusLoop,8.9 min,DualScreen,No,,
19:45:00,Mouse_Move_Halt_Move,FocusLoop,9.0 min,Research,No,,
19:45:30,Gaze_Switch_Between_Screens,SplitFocusLoop,7.6 min,DualScreen,No,,
19:46:00,RepeatedTypingPause,ThinkLoop,6.7 min,Writing,No,,
19:46:30,SameApp_Open_Close,RecheckLoop,5.8 min,Multitasking,Yes,,
19:47:00,Screen_Stare_NoTyping,FreezeLoop,6.5 min,Idle,No,,
19:47:30,Gaze_Switch_Between_Screens,SplitFocusLoop,48 sec,DualScreen,No,,
19:48:00,Click_Back_Click,DoubtLoop,5.7 min,Browsing,Yes,,
19:48:30,Minimize_Maximize_Loop,AvoidanceLoop,1.3 min,Work,Yes,,
19:49:00,Click_Back_Click,DoubtLoop,7.6 min,Browsing,Yes,,
19:49:30,Scroll_Pause_Resume,ConsumptionLoop,9.2 min,Reading,No,,
19:50:00,TabSwitching_Rapid,EscapeLoop,8.5 min,Distraction,Yes,,
19:50:30,Minimize_Maximize_Loop,AvoidanceLoop,70 sec,Work,Yes,,
19:51:00,RepeatedTypingPause,ThinkLoop,73 sec,Writing,No,,
19:51:30,RepeatedTypingPause,ThinkLoop,2.6 min,Writing,No,,
19:52:00,EyeGlance_Phone_Screen_Loop,TechLoop,3.3 min,Work,Yes,,
19:52:30,Screen_Stare_NoTyping,FreezeLoop,7.4 min,Idle,No,,
19:53:00,Mouse_Move_Halt_Move,FocusLoop,4.1 min,Research,No,,
19:53:30,Mouse_Move_Halt_Move,FocusLoop,7.1 min,Research,No,,
19:54:00,TabSwitching_Rapid,EscapeLoop,8.8 min,Distraction,Yes,,
19:54:30,EyeGlance_Phone_Screen_Loop,TechLoop,81 sec,Work,Yes,,
19:55:00,RepeatedTypingPause,ThinkLoop,0.6 min,Writing,No,,
19:55:30,Click_Back_Click,DoubtLoop,2.8 min,Browsing,Yes,,
19:56:00,Click_Back_Click,DoubtLoop,8.4 min,Browsing,Yes,,
19:56:30,Scroll_Pause_Resume,ConsumptionLoop,3.0 min,Reading,No,,
19:57:00,SameApp_Open_Close,RecheckLoop,76 sec,Multitasking,Yes,,
19:57:30,Click_Back_Click,DoubtLoop,9.5 min,Browsing,Yes,,
19:58:00,Click_Back_Click,DoubtLoop,9.3 min,Browsing,Yes,,
19:58:30,SameApp_Open_Close,RecheckLoop,6.9 min,Multitasking,Yes,,
19:59:00,Minimize_Maximize_Loop,AvoidanceLoop,4.1 min,Work,Yes,,
19:59:30,Screen_Stare_NoTyping,FreezeLoop,5.8 min,Idle,No,,
20:00:00,Scroll_Pause_Resume,ConsumptionLoop,3.0 min,Reading,No,,
20:00:30,TabSwitching_Rapid,EscapeLoop,4.2 min,Distraction,Yes,,
20:01:00,SameApp_Open_Close,RecheckLoop,5.0 min,Multitasking,Yes,,
20:01:30,Scroll_Pause_Resume,ConsumptionLoop,5.4 min,Reading,No,,
20:02:00,Mouse_Move_Halt_Move,FocusLoop,2.4 min,Research,No,,
20:02:30,Scroll_Pause_Resume,ConsumptionLoop,8.4 min,Reading,No,,
20:03:00,Screen_Stare_NoTyping,FreezeLoop,9.3 min,Idle,No,,
20:03:30,Click_Back_Click,DoubtLoop,43 sec,Browsing,Yes,,
20:04:00,TabSwitching_Rapid,EscapeLoop,1.6 min,Distraction,Yes,,
20:04:30,Screen_Stare_NoTyping,FreezeLoop,1.4 min,Idle,No,,
20:05:00,Minimize_Maximize_Loop,AvoidanceLoop,9.3 min,Work,Yes,,
20:05:30,Minimize_Maximize_Loop,AvoidanceLoop,9.6 min,Work,Yes,,
20:06:00,SameApp_Open_Close,RecheckLoop,10.0 min,Multitasking,Yes,,
20:06:30,RepeatedTypingPause,ThinkLoop,8.6 min,Writing,No,,
20:07:00,EyeGlance_Phone_Screen_Loop,TechLoop,33 sec,Work,Yes,,
20:07:30,TabSwitching_Rapid,EscapeLoop,31 sec,Distraction,Yes,,
20:08:00,SameApp_Open_Close,RecheckLoop,4.0 min,Multitasking,Yes,,
20:08:30,Mouse_Move_Halt_Move,FocusLoop,6.7 min,Research,No,,
20:09:00,Screen_Stare_NoTyping,FreezeLoop,89 sec,Idle,No,,
20:09:30,Mouse_Move_Halt_Move,FocusLoop,1.6 min,Research,No,,
20:10:00,Screen_Stare_NoTyping,FreezeLoop,5.8 min,Idle,No,,
20:10:30,EyeGlance_Phone_Screen_Loop,TechLoop,7.9 min,Work,Yes,,
20:11:00,Gaze_Switch_Between_Screens,SplitFocusLoop,7.2 min,DualScreen,No,,
20:11:30,Scroll_Pause_Resume,ConsumptionLoop,7.0 min,Reading,No,,
20:12:00,Screen_Stare_NoTyping,FreezeLoop,3.5 min,Idle,No,,
20:12:30,Scroll_Pause_Resume,ConsumptionLoop,2.8 min,Reading,No,,
20:13:00,Screen_Stare_NoTyping,FreezeLoop,3.2 min,Idle,No,,
20:13:30,Screen_Stare_NoTyping,FreezeLoop,1.9 min,Idle,No,,
20:14:00,Minimize_Maximize_Loop,AvoidanceLoop,7.2 min,Work,Yes,,
20:14:30,Click_Back_Click,DoubtLoop,9.0 min,Browsing,Yes,,
20:15:00,EyeGlance_Phone_Screen_Loop,TechLoop,7.1 min,Work,Yes,,
20:15:30,Click_Back_Click,DoubtLoop,5.5 min,Browsing,Yes,,
20:16:00,Screen_Stare_NoTyping,FreezeLoop,4.9 min,Idle,No,,
20:16:30,Scroll_Pause_Resume,ConsumptionLoop,6.9 min,Reading,No,,
20:17:00,Minimize_Maximize_Loop,AvoidanceLoop,7.5 min,Work,Yes,,
20:17:30,Gaze_Switch_Between_Screens,SplitFocusLoop,38 sec,DualScreen,No,,
20:18:00,Screen_Stare_NoTyping,FreezeLoop,4.1 min,Idle,No,,
20:18:30,EyeGlance_Phone_Screen_Loop,TechLoop,7.8 min,Work,Yes,,
20:19:00,Scroll_Pause_Resume,ConsumptionLoop,4.7 min,Reading,No,,
20:19:30,RepeatedTypingPause,ThinkLoop,8.4 min,Writing,No,,
20:20:00,TabSwitching_Rapid,EscapeLoop,67 sec,Distraction,Yes,,
20:20:30,Minimize_Maximize_Loop,AvoidanceLoop,43 sec,Work,Yes,,
20:21:00,Scroll_Pause_Resume,ConsumptionLoop,1.6 min,Reading,No,,
20:21:30,Screen_Stare_NoTyping,FreezeLoop,2.0 min,Idle,No,,
20:22:00,Gaze_Switch_Between_Screens,SplitFocusLoop,1.1 min,DualScreen,No,,
20:22:30,Mouse_Move_Halt_Move,FocusLoop,2.4 min,Research,No,,
20:23:00,Click_Back_Click,DoubtLoop,6.5 min,Browsing,Yes,,
20:23:30,Gaze_Switch_Between_Screens,SplitFocusLoop,9.7 min,DualScreen,No,,
20:24:00,Click_Back_Click,DoubtLoop,7.5 min,Browsing,Yes,,
20:24:30,Click_Back_Click,DoubtLoop,8.3 min,Browsing,Yes,,
20:25:00,Gaze_Switch_Between_Screens,SplitFocusLoop,74 sec,DualScreen,No,,
20:25:30,Mouse_Move_Halt_Move,FocusLoop,71 sec,Research,No,,
20:26:00,Screen_Stare_NoTyping,FreezeLoop,88 sec,Idle,No,,
20:26:30,RepeatedTypingPause,ThinkLoop,3.2 min,Writing,No,,
20:27:00,RepeatedTypingPause,ThinkLoop,9.1 min,Writing,No,,
20:27:30,Gaze_Switch_Between_Screens,SplitFocusLoop,2.3 min,DualScreen,No,,
20:28:00,Screen_Stare_NoTyping,FreezeLoop,9.4 min,Idle,No,,
20:28:30,RepeatedTypingPause,ThinkLoop,45 sec,Writing,No,,
20:29:00,Mouse_Move_Halt_Move,FocusLoop,57 sec,Research,No,,
20:29:30,Mouse_Move_Halt_Move,FocusLoop,5.8 min,Research,No,,
20:30:00,SameApp_Open_Close,RecheckLoop,6.2 min,Multitasking,Yes,,
20:30:30,EyeGlance_Phone_Screen_Loop,TechLoop,8.1 min,Work,Yes,,
20:31:00,Gaze_Switch_Between_Screens,SplitFocusLoop,7.1 min,DualScreen,No,,
20:31:30,Scroll_Pause_Resume,ConsumptionLoop,9.8 min,Reading,No,,
20:32:00,RepeatedTypingPause,ThinkLoop,78 sec,Writing,No,,
20:32:30,Mouse_Move_Halt_Move,FocusLoop,86 sec,Research,No,,
20:33:00,RepeatedTypingPause,ThinkLoop,2.3 min,Writing,No,,
20:33:30,TabSwitching_Rapid,EscapeLoop,7.9 min,Distraction,Yes,,
20:34:00,Screen_Stare_NoTyping,FreezeLoop,6.1 min,Idle,No,,
20:34:30,Click_Back_Click,DoubtLoop,5.4 min,Browsing,Yes,,
20:35:00,SameApp_Open_Close,RecheckLoop,8.8 min,Multitasking,Yes,,
20:35:30,TabSwitching_Rapid,EscapeLoop,4.5 min,Distraction,Yes,,
20:36:00,Screen_Stare_NoTyping,FreezeLoop,8.3 min,Idle,No,,
20:36:30,Gaze_Switch_Between_Screens,SplitFocusLoop,3.3 min,DualScreen,No,,
20:37:00,TabSwitching_Rapid,EscapeLoop,78 sec,Distraction,Yes,,
20:37:30,EyeGlance_Phone_Screen_Loop,TechLoop,3.4 min,Work,Yes,,
20:38:00,Gaze_Switch_Between_Screens,SplitFocusLoop,58 sec,DualScreen,No,,
20:38:30,Screen_Stare_NoTyping,FreezeLoop,9.3 min,Idle,No,,
20:39:00,Mouse_Move_Halt_Move,FocusLoop,9.3 min,Research,No,,
20:39:30,Minimize_Maximize_Loop,AvoidanceLoop,8.9 min,Work,Yes,,
20:40:00,Scroll_Pause_Resume,ConsumptionLoop,1.7 min,Reading,No,,
20:40:30,SameApp_Open_Close,RecheckLoop,3.9 min,Multitasking,Yes,,
20:41:00,Minimize_Maximize_Loop,AvoidanceLoop,3.4 min,Work,Yes,,
20:41:30,RepeatedTypingPause,ThinkLoop,3.8 min,Writing,No,,
20:42:00,Scroll_Pause_Resume,ConsumptionLoop,8.9 min,Reading,No,,
20:42:30,Minimize_Maximize_Loop,AvoidanceLoop,2.8 min,Work,Yes,,
20:43:00,Mouse_Move_Halt_Move,FocusLoop,3.7 min,Research,No,,
20:43:30,Click_Back_Click,DoubtLoop,0.8 min,Browsing,Yes,,
20:44:00,Screen_Stare_NoTyping,FreezeLoop,1.8 min,Idle,No,,
20:44:30,Minimize_Maximize_Loop,AvoidanceLoop,8.1 min,Work,Yes,,
20:45:00,Scroll_Pause_Resume,ConsumptionLoop,1.2 min,Reading,No,,
20:45:30,Mouse_Move_Halt_Move,FocusLoop,9.8 min,Research,No,,
20:46:00,Minimize_Maximize_Loop,AvoidanceLoop,4.0 min,Work,Yes,,
20:46:30,Click_Back_Click,DoubtLoop,7.1 min,Browsing,Yes,,
20:47:00,TabSwitching_Rapid,EscapeLoop,6.7 min,Distraction,Yes,,
20:47:30,SameApp_Open_Close,RecheckLoop,5.5 min,Multitasking,Yes,,
20:48:00,Minimize_Maximize_Loop,AvoidanceLoop,8.1 min,Work,Yes,,
20:48:30,Gaze_Switch_Between_Screens,SplitFocusLoop,31 sec,DualScreen,No,,
20:49:00,Screen_Stare_NoTyping,FreezeLoop,6.2 min,Idle,No,,
20:49:30,RepeatedTypingPause,ThinkLoop,7.2 min,Writing,No,,
20:50:00,Mouse_Move_Halt_Move,FocusLoop,4.4 min,Research,No,,
20:50:30,EyeGlance_Phone_Screen_Loop,TechLoop,1.6 min,Work,Yes,,
20:51:00,Minimize_Maximize_Loop,AvoidanceLoop,5.7 min,Work,Yes,,
20:51:30,Click_Back_Click,DoubtLoop,7.8 min,Browsing,Yes,,
20:52:00,Scroll_Pause_Resume,ConsumptionLoop,1.5 min,Reading,No,,
20:52:30,EyeGlance_Phone_Screen_Loop,TechLoop,52 sec,Work,Yes,,
20:53:00,EyeGlance_Phone_Screen_Loop,TechLoop,62 sec,Work,Yes,,
20:53:30,SameApp_Open_Close,RecheckLoop,6.4 min,Multitasking,Yes,,
20:54:00,SameApp_Open_Close,RecheckLoop,5.8 min,Multitasking,Yes,,
20:54:30,TabSwitching_Rapid,EscapeLoop,39 sec,Distraction,Yes,,
20:55:00,Gaze_Switch_Between_Screens,SplitFocusLoop,6.9 min,DualScreen,No,,
20:55:30,Gaze_Switch_Between_Screens,SplitFocusLoop,7.7 min,DualScreen,No,,
20:56:00,TabSwitching_Rapid,EscapeLoop,9.2 min,Distraction,Yes,,
20:56:30,TabSwitching_Rapid,EscapeLoop,37 sec,Distraction,Yes,,
20:57:00,RepeatedTypingPause,ThinkLoop,79 sec,Writing,No,,
20:57:30,Scroll_Pause_Resume,ConsumptionLoop,6.8 min,Reading,No,,
20:58:00,Scroll_Pause_Resume,ConsumptionLoop,1.5 min,Reading,No,,
20:58:30,Click_Back_Click,DoubtLoop,0.7 min,Browsing,Yes,,
20:59:00,Gaze_Switch_Between_Screens,SplitFocusLoop,58 sec,DualScreen,No,,
20:59:30,RepeatedTypingPause,ThinkLoop,1.5 min,Writing,No,,
21:00:00,Click_Back_Click,DoubtLoop,6.1 min,Browsing,Yes,,
21:00:30,Minimize_Maximize_Loop,AvoidanceLoop,64 sec,Work,Yes,,
21:01:00,Gaze_Switch_Between_Screens,SplitFocusLoop,7.6 min,DualScreen,No,,
21:01:30,SameApp_Open_Close,RecheckLoop,8.7 min,Multitasking,Yes,,
21:02:00,SameApp_Open_Close,RecheckLoop,7.6 min,Multitasking,Yes,,
21:02:30,Minimize_Maximize_Loop,AvoidanceLoop,48 sec,Work,Yes,,
21:03:00,Mouse_Move_Halt_Move,FocusLoop,7.5 min,Research,No,,
21:03:30,Scroll_Pause_Resume,ConsumptionLoop,3.3 min,Reading,No,,
21:04:00,Scroll_Pause_Resume,ConsumptionLoop,1.4 min,Reading,No,,
21:04:30,Click_Back_Click,DoubtLoop,6.9 min,Browsing,Yes,,
21:05:00,Scroll_Pause_Resume,ConsumptionLoop,2.5 min,Reading,No,,
21:05:30,Gaze_Switch_Between_Screens,SplitFocusLoop,1.3 min,DualScreen,No,,
21:06:00,Mouse_Move_Halt_Move,FocusLoop,9.4 min,Research,No,,
21:06:30,Mouse_Move_Halt_Move,FocusLoop,75 sec,Research,No,,
21:07:00,Click_Back_Click,DoubtLoop,5.6 min,Browsing,Yes,,
21:07:30,Gaze_Switch_Between_Screens,SplitFocusLoop,2.0 min,DualScreen,No,,
21:08:00,Minimize_Maximize_Loop,AvoidanceLoop,9.7 min,Work,Yes,,
21:08:30,Mouse_Move_Halt_Move,FocusLoop,3.8 min,Research,No,,
21:09:00,Click_Back_Click,DoubtLoop,31 sec,Browsing,Yes,,
21:09:30,Gaze_Switch_Between_Screens,SplitFocusLoop,4.5 min,DualScreen,No,,
21:10:00,EyeGlance_Phone_Screen_Loop,TechLoop,73 sec,Work,Yes,,
21:10:30,Mouse_Move_Halt_Move,FocusLoop,5.1 min,Research,No,,
21:11:00,Minimize_Maximize_Loop,AvoidanceLoop,8.0 min,Work,Yes,,
21:11:30,Gaze_Switch_Between_Screens,SplitFocusLoop,3.5 min,DualScreen,No,,
21:12:00,Gaze_Switch_Between_Screens,SplitFocusLoop,2.6 min,DualScreen,No,,
21:12:30,Screen_Stare_NoTyping,FreezeLoop,1.4 min,Idle,No,,
21:13:00,Minimize_Maximize_Loop,AvoidanceLoop,3.7 min,Work,Yes,,
21:13:30,SameApp_Open_Close,RecheckLoop,4.8 min,Multitasking,Yes,,
21:14:00,SameApp_Open_Close,RecheckLoop,3.8 min,Multitasking,Yes,,
21:14:30,Click_Back_Click,DoubtLoop,2.8 min,Browsing,Yes,,
21:15:00,Mouse_Move_Halt_Move,FocusLoop,3.9 min,Research,No,,
21:15:30,RepeatedTypingPause,ThinkLoop,7.5 min,Writing,No,,
21:16:00,SameApp_Open_Close,RecheckLoop,75 sec,Multitasking,Yes,,
21:16:30,RepeatedTypingPause,ThinkLoop,9.0 min,Writing,No,,
21:17:00,Click_Back_Click,DoubtLoop,55 sec,Browsing,Yes,,
21:17:30,Screen_Stare_NoTyping,FreezeLoop,1.5 min,Idle,No,,
21:18:00,Mouse_Move_Halt_Move,FocusLoop,2.2 min,Research,No,,
21:18:30,Click_Back_Click,DoubtLoop,1.5 min,Browsing,Yes,,
21:19:00,Scroll_Pause_Resume,ConsumptionLoop,7.9 min,Reading,No,,
21:19:30,TabSwitching_Rapid,EscapeLoop,8.2 min,Distraction,Yes,,
21:20:00,RepeatedTypingPause,ThinkLoop,62 sec,Writing,No,,
21:20:30,RepeatedTypingPause,ThinkLoop,90 sec,Writing,No,,
21:21:00,Gaze_Switch_Between_Screens,SplitFocusLoop,5.5 min,DualScreen,No,,
21:21:30,TabSwitching_Rapid,EscapeLoop,9.7 min,Distraction,Yes,,
21:22:00,Click_Back_Click,DoubtLoop,2.4 min,Browsing,Yes,,
21:22:30,TabSwitching_Rapid,EscapeLoop,7.2 min,Distraction,Yes,,
21:23:00,Scroll_Pause_Resume,ConsumptionLoop,0.5 min,Reading,No,,
21:23:30,Scroll_Pause_Resume,ConsumptionLoop,7.9 min,Reading,No,,
21:24:00,Minimize_Maximize_Loop,AvoidanceLoop,1.9 min,Work,Yes,,
21:24:30,Screen_Stare_NoTyping,FreezeLoop,75 sec,Idle,No,,
21:25:00,Screen_Stare_NoTyping,FreezeLoop,1.0 min,Idle,No,,
21:25:30,SameApp_Open_Close,RecheckLoop,9.7 min,Multitasking,Yes,,
21:26:00,EyeGlance_Phone_Screen_Loop,TechLoop,1.5 min,Work,Yes,,
21:26:30,EyeGlance_Phone_Screen_Loop,TechLoop,5.4 min,Work,Yes,,
21:27:00,Gaze_Switch_Between_Screens,SplitFocusLoop,2.1 min,DualScreen,No,,
21:27:30,SameApp_Open_Close,RecheckLoop,8.6 min,Multitasking,Yes,,
21:28:00,TabSwitching_Rapid,EscapeLoop,1.3 min,Distraction,Yes,,
21:28:30,EyeGlance_Phone_Screen_Loop,TechLoop,58 sec,Work,Yes,,
21:29:00,Gaze_Switch_Between_Screens,SplitFocusLoop,7.0 min,DualScreen,No,,
21:29:30,Mouse_Move_Halt_Move,FocusLoop,7.0 min,Research,No,,
21:30:00,Click_Back_Click,DoubtLoop,9.4 min,Browsing,Yes,,
21:30:30,Scroll_Pause_Resume,ConsumptionLoop,7.6 min,Reading,No,,
21:31:00,TabSwitching_Rapid,EscapeLoop,2.1 min,Distraction,Yes,,
21:31:30,Scroll_Pause_Resume,ConsumptionLoop,75 sec,Reading,No,,
21:32:00,Scroll_Pause_Resume,ConsumptionLoop,9.8 min,Reading,No,,
21:32:30,Mouse_Move_Halt_Move,FocusLoop,3.5 min,Research,No,,
21:33:00,RepeatedTypingPause,ThinkLoop,7.6 min,Writing,No,,
21:33:30,EyeGlance_Phone_Screen_Loop,TechLoop,4.8 min,Work,Yes,,
21:34:00,Gaze_Switch_Between_Screens,SplitFocusLoop,5.8 min,DualScreen,No,,
21:34:30,EyeGlance_Phone_Screen_Loop,TechLoop,8.1 min,Work,Yes,,
21:35:00,Mouse_Move_Halt_Move,FocusLoop,9.0 min,Research,No,,
21:35:30,Mouse_Move_Halt_Move,FocusLoop,7.6 min,Research,No,,
21:36:00,Gaze_Switch_Between_Screens,SplitFocusLoop,7.2 min,DualScreen,No,,
21:36:30,Screen_Stare_NoTyping,FreezeLoop,4.8 min,Idle,No,,
21:37:00,SameApp_Open_Close,RecheckLoop,0.9 min,Multitasking,Yes,,
21:37:30,Mouse_Move_Halt_Move,FocusLoop,1.1 min,Research,No,,
21:38:00,EyeGlance_Phone_Screen_Loop,TechLoop,1.8 min,Work,Yes,,
21:38:30,Mouse_Move_Halt_Move,FocusLoop,8.0 min,Research,No,,
21:39:00,Gaze_Switch_Between_Screens,SplitFocusLoop,2.3 min,DualScreen,No,,
21:39:30,Minimize_Maximize_Loop,AvoidanceLoop,6.3 min,Work,Yes,,
21:40:00,TabSwitching_Rapid,EscapeLoop,4.1 min,Distraction,Yes,,
21:40:30,TabSwitching_Rapid,EscapeLoop,7.6 min,Distraction,Yes,,
21:41:00,SameApp_Open_Close,RecheckLoop,8.5 min,Multitasking,Yes,,
21:41:30,Scroll_Pause_Resume,ConsumptionLoop,1.3 min,Reading,No,,
21:42:00,Click_Back_Click,DoubtLoop,3.4 min,Browsing,Yes,,
21:42:30,EyeGlance_Phone_Screen_Loop,TechLoop,2.9 min,Work,Yes,,
21:43:00,Scroll_Pause_Resume,ConsumptionLoop,4.7 min,Reading,No,,
21:43:30,Mouse_Move_Halt_Move,FocusLoop,5.2 min,Research,No,,
21:44:00,Minimize_Maximize_Loop,AvoidanceLoop,9.6 min,Work,Yes,,
21:44:30,RepeatedTypingPause,ThinkLoop,9.6 min,Writing,No,,
21:45:00,Scroll_Pause_Resume,ConsumptionLoop,6.7 min,Reading,No,,
21:45:30,Screen_Stare_NoTyping,FreezeLoop,8.9 min,Idle,No,,
21:46:00,RepeatedTypingPause,ThinkLoop,1.0 min,Writing,No,,
21:46:30,EyeGlance_Phone_Screen_Loop,TechLoop,1.0 min,Work,Yes,,
21:47:00,Mouse_Move_Halt_Move,FocusLoop,37 sec,Research,No,,
21:47:30,Click_Back_Click,DoubtLoop,2.9 min,Browsing,Yes,,
21:48:00,Screen_Stare_NoTyping,FreezeLoop,5.4 min,Idle,No,,
21:48:30,Scroll_Pause_Resume,ConsumptionLoop,3.1 min,Reading,No,,
21:49:00,EyeGlance_Phone_Screen_Loop,TechLoop,1.9 min,Work,Yes,,
21:49:30,Screen_Stare_NoTyping,FreezeLoop,6.2 min,Idle,No,,
21:50:00,RepeatedTypingPause,ThinkLoop,2.4 min,Writing,No,,
21:50:30,Screen_Stare_NoTyping,FreezeLoop,7.5 min,Idle,No,,
21:51:00,TabSwitching_Rapid,EscapeLoop,8.7 min,Distraction,Yes,,
21:51:30,Mouse_Move_Halt_Move,FocusLoop,5.6 min,Research,No,,
21:52:00,TabSwitching_Rapid,EscapeLoop,2.7 min,Distraction,Yes,,
21:52:30,Gaze_Switch_Between_Screens,SplitFocusLoop,4.0 min,DualScreen,No,,
21:53:00,SameApp_Open_Close,RecheckLoop,1.8 min,Multitasking,Yes,,
21:53:30,SameApp_Open_Close,RecheckLoop,3.2 min,Multitasking,Yes,,
21:54:00,EyeGlance_Phone_Screen_Loop,TechLoop,2.2 min,Work,Yes,,
21:54:30,SameApp_Open_Close,RecheckLoop,7.2 min,Multitasking,Yes,,
21:55:00,Screen_Stare_NoTyping,FreezeLoop,72 sec,Idle,No,,
21:55:30,RepeatedTypingPause,ThinkLoop,4.1 min,Writing,No,,
21:56:00,Screen_Stare_NoTyping,FreezeLoop,3.8 min,Idle,No,,
21:56:30,Minimize_Maximize_Loop,AvoidanceLoop,1.6 min,Work,Yes,,
21:57:00,Minimize_Maximize_Loop,AvoidanceLoop,8.0 min,Work,Yes,,
21:57:30,Screen_Stare_NoTyping,FreezeLoop,2.5 min,Idle,No,,
21:58:00,EyeGlance_Phone_Screen_Loop,TechLoop,8.9 min,Work,Yes,,
21:58:30,Scroll_Pause_Resume,ConsumptionLoop,1.0 min,Reading,No,,
21:59:00,Screen_Stare_NoTyping,FreezeLoop,1.5 min,Idle,No,,
21:59:30,TabSwitching_Rapid,EscapeLoop,8.3 min,Distraction,Yes,,
22:00:00,TabSwitching_Rapid,EscapeLoop,4.5 min,Distraction,Yes,,
22:00:30,Click_Back_Click,DoubtLoop,9.7 min,Browsing,Yes,,
22:01:00,TabSwitching_Rapid,EscapeLoop,65 sec,Distraction,Yes,,
22:01:30,SameApp_Open_Close,RecheckLoop,44 sec,Multitasking,Yes,,
22:02:00,Scroll_Pause_Resume,ConsumptionLoop,7.3 min,Reading,No,,
22:02:30,EyeGlance_Phone_Screen_Loop,TechLoop,6.2 min,Work,Yes,,
22:03:00,SameApp_Open_Close,RecheckLoop,6.9 min,Multitasking,Yes,,
22:03:30,Click_Back_Click,DoubtLoop,48 sec,Browsing,Yes,,
22:04:00,RepeatedTypingPause,ThinkLoop,7.4 min,Writing,No,,
22:04:30,Scroll_Pause_Resume,ConsumptionLoop,2.7 min,Reading,No,,
22:05:00,Scroll_Pause_Resume,ConsumptionLoop,4.4 min,Reading,No,,
22:05:30,Scroll_Pause_Resume,ConsumptionLoop,6.6 min,Reading,No,,
22:06:00,SameApp_Open_Close,RecheckLoop,5.6 min,Multitasking,Yes,,
22:06:30,Scroll_Pause_Resume,ConsumptionLoop,86 sec,Reading,No,,
22:07:00,Screen_Stare_NoTyping,FreezeLoop,8.6 min,Idle,No,,
22:07:30,Gaze_Switch_Between_Screens,SplitFocusLoop,4.9 min,DualScreen,No,,
22:08:00,Gaze_Switch_Between_Screens,SplitFocusLoop,8.0 min,DualScreen,No,,
22:08:30,Screen_Stare_NoTyping,FreezeLoop,5.8 min,Idle,No,,
22:09:00,Scroll_Pause_Resume,ConsumptionLoop,3.1 min,Reading,No,,
22:09:30,RepeatedTypingPause,ThinkLoop,49 sec,Writing,No,,
22:10:00,Scroll_Pause_Resume,ConsumptionLoop,88 sec,Reading,No,,
22:10:30,Minimize_Maximize_Loop,AvoidanceLoop,5.7 min,Work,Yes,,
22:11:00,Mouse_Move_Halt_Move,FocusLoop,6.7 min,Research,No,,
22:11:30,Gaze_Switch_Between_Screens,SplitFocusLoop,8.2 min,DualScreen,No,,
22:12:00,RepeatedTypingPause,ThinkLoop,8.5 min,Writing,No,,
22:12:30,Scroll_Pause_Resume,ConsumptionLoop,6.3 min,Reading,No,,
22:13:00,Minimize_Maximize_Loop,AvoidanceLoop,7.2 min,Work,Yes,,
22:13:30,Scroll_Pause_Resume,ConsumptionLoop,6.2 min,Reading,No,,
22:14:00,RepeatedTypingPause,ThinkLoop,3.7 min,Writing,No,,
22:14:30,Mouse_Move_Halt_Move,FocusLoop,5.8 min,Research,No,,
22:15:00,Scroll_Pause_Resume,ConsumptionLoop,7.0 min,Reading,No,,
22:15:30,Gaze_Switch_Between_Screens,SplitFocusLoop,43 sec,DualScreen,No,,
22:16:00,RepeatedTypingPause,ThinkLoop,90 sec,Writing,No,,
22:16:30,Scroll_Pause_Resume,ConsumptionLoop,1.1 min,Reading,No,,
22:17:00,Click_Back_Click,DoubtLoop,3.8 min,Browsing,Yes,,
22:17:30,EyeGlance_Phone_Screen_Loop,TechLoop,9.9 min,Work,Yes,,
22:18:00,Scroll_Pause_Resume,ConsumptionLoop,31 sec,Reading,No,,
22:18:30,Minimize_Maximize_Loop,AvoidanceLoop,4.1 min,Work,Yes,,
22:19:00,RepeatedTypingPause,ThinkLoop,9.9 min,Writing,No,,
22:19:30,Scroll_Pause_Resume,ConsumptionLoop,7.1 min,Reading,No,,
2025-06-30 16:20:46,,FreezeLoop,20 sec,,Yes,DetectedGazePattern,Working
2025-06-30 16:38:25,,FreezeLoop,37 sec,,Yes,DetectedGazePattern,Working
2025-06-30 16:46:51,,FreezeLoop,30 sec,,Yes,DetectedGazePattern,Working
2025-06-30 16:53:43,,EscapeLoop,10 sec,,Yes,DetectedGazePattern,Working
2025-06-30 16:54:28,,Normal,19 sec,,No,DetectedGazePattern,Working
2025-06-30 18:09:21,,ConsumptionLoop,247 sec,,No,DetectedGazePattern,Working
2025-07-01 14:06:18,,Normal,83 sec,,No,DetectedGazePattern,Working
2025-07-01 14:18:38,,ConsumptionLoop,143 sec,,No,DetectedGazePattern,Working
2025-07-01 14:18:38,,EscapeLoop,137 sec,,Yes,DetectedGazePattern,Working
ng,,,,,,,
2025-07-01 14:25:58,,Normal,61 sec,,No,DetectedGazePattern,Working
2025-07-01 14:32:15,,ConsumptionLoop,321 sec,,No,DetectedGazePattern,Working
2025-07-01 14:35:41,,Normal,26 sec,,No,DetectedGazePattern,Working
2025-07-01 15:24:19,,EscapeLoop,6 sec,,Yes,DetectedGazePattern,Working
2025-07-03 11:56:37,,EscapeLoop,16 sec,,Yes,DetectedGazePattern,Working
2025-07-03 12:05:05,,EscapeLoop,16 sec,,Yes,DetectedGazePattern,Working
2025-07-03 12:11:27,,EscapeLoop,16 sec,,Yes,FocusDrift,Working
2025-07-03 12:12:34,,EscapeLoop,16 sec,,Yes,DetectedGazePattern,Gaming
2025-07-03 12:34:45,,Normal,15 sec,,No,DetectedGazePattern,Working
2025-07-03 12:43:40,,Normal,16 sec,,No,DetectedGazePattern,Working
2025-07-03 12:50:58,,Normal,16 sec,,No,DetectedGazePattern,Reading
2025-07-03 13:43:21,,Normal,35 sec,,No,DetectedGazePattern,Working
2025-07-03 13:48:31,,Normal,35 sec,,No,DetectedGazePattern,Reading
2025-07-03 14:00:33,,Normal,38 sec,,No,DetectedGazePattern,Unknown
2025-07-03 14:09:37,,Normal,53 sec,,No,DetectedGazePattern,AutoDetect
2025-07-03 14:18:56,,ComparisonLoop,14 sec,,No,DetectedGazePattern,Unknown
2025-07-03 14:19:19,,EscapeLoop,31 sec,,Yes,DetectedGazePattern,Unknown
2025-07-03 14:19:58,,ComparisonLoop,14 sec,,No,DetectedGazePattern,Unknown
2025-07-03 14:24:02,,ComparisonLoop,32 sec,,No,DetectedGazePattern,Unknown
2025-07-03 14:24:35,,ComparisonLoop,23 sec,,No,DetectedGazePattern,Unknown
2025-07-03 14:28:54,,ComparisonLoop,30 sec,,No,DetectedGazePattern,Unknown
2025-07-03 14:37:04,,ComparisonLoop,53 sec,,No,DetectedGazePattern,AutoDetect
2025-07-03 14:57:32,,Normal,52 sec,,No,DetectedGazePattern,AutoDetect
2025-07-03 16:06:50,,Normal,66 sec,,No,DetectedGazePattern,Browsing
2025-07-03 16:12:41,,ComparisonLoop,42 sec,,No,DetectedGazePattern,Reading
2025-07-03 16:14:54,,ComparisonLoop,48 sec,,No,DetectedGazePattern,Reading
2025-07-03 16:21:07,,ComparisonLoop,54 sec,,No,DetectedGazePattern,Reading
2025-07-03 16:36:31,DetectedGazePattern,Normal,0.6 min,Reading,No,,
2025-07-03 16:41:55,DetectedGazePattern,EscapeLoop,0.7 min,AutoDetect,Yes,,
2025-07-03 16:57:13,DetectedGazePattern,Normal,0.4 min,Working,No,,
2025-07-03 17:04:55,DetectedGazePattern,DoubtLoop,1.2 min,Writing/Thinking,No,,
2025-07-04 13:53:39,DetectedGazePattern,DoubtLoop,1.2 min,Writing/Thinking,No,,
2025-07-04 13:55:38,DetectedGazePattern,DoubtLoop,1.3 min,Writing/Thinking,No,,
2025-07-04 13:57:59,DetectedGazePattern,DoubtLoop,1.9 min,Writing/Thinking,No,,
